user_id,item_id,rating,timestamp
1,20,3,1731523529
1,33,4,1790301106
1,60,3,1741663795
1,43,3,1730150759
1,27,4,1726726767
1,21,2,1719777514
1,26,4,1703278320
1,45,4,1706202700
1,19,2,1732862209
1,36,4,1763771720
1,9,2,1782043803
1,13,2,1709774839
1,56,4,1761124923
1,57,2,1755625330
1,25,1,1784525678
1,44,2,1777265240
1,12,2,1726096655
1,40,3,1793463085
1,37,3,1751536717
1,58,3,1766354180
1,54,3,1753640499
1,51,2,1732747037
1,1,4,1719806690
1,41,1,1788054615
1,52,2,1792291118
1,14,4,1700744212
1,28,3,1714305904
1,55,3,1757062156
1,30,2,1729372360
1,15,3,1723607110
1,31,3,1793403697
1,22,4,1769519112
1,7,2,1762350830
1,17,2,1706740197
1,16,4,1774813739
1,24,3,1733446826
1,6,4,1716288475
1,29,1,1761265269
1,3,1,1717896471
1,10,3,1762363359
1,48,4,1789600766
1,11,3,1771287314
1,23,2,1775017682
2,53,2,1720509175
2,47,1,1728716269
2,58,2,1708620650
2,33,3,1755682626
2,28,3,1754707061
2,54,3,1744410148
2,36,2,1772828034
2,29,4,1762535301
2,11,2,1755804273
2,48,2,1708357162
2,31,4,1727760841
2,60,4,1756390708
2,17,3,1752274692
2,16,2,1778393811
2,41,2,1793351515
2,18,3,1702621534
2,34,3,1777267850
2,32,2,1751053877
2,46,4,1764019136
2,59,2,1700791358
2,45,2,1747212267
2,49,3,1740079111
2,5,3,1752343121
2,19,4,1756240084
2,42,5,1772238741
2,40,3,1773300637
2,22,2,1780967191
2,21,3,1729600202
2,6,3,1765529051
2,38,2,1729450273
2,50,3,1736632757
2,8,1,1758496914
2,13,3,1765181765
2,23,4,1703895645
3,52,2,1710993268
3,26,4,1763123515
3,47,1,1702601580
3,11,4,1772399599
3,54,3,1706990811
3,30,3,1746970882
3,9,3,1730094589
3,40,2,1787260863
3,35,2,1709209801
3,2,3,1787477029
3,59,3,1705403355
3,38,2,1704164775
3,37,4,1733189803
3,43,2,1726757737
3,51,4,1702735359
3,6,2,1783394260
3,42,3,1720452412
3,28,2,1732016960
3,56,1,1716941092
3,55,3,1763560289
3,12,3,1789853245
3,4,2,1715353091
3,17,4,1775694715
3,25,3,1729254705
3,21,2,1762415804
3,14,2,1793880599
3,41,2,1734392446
3,36,4,1749512272
3,22,3,1722520277
3,48,4,1781321540
3,29,3,1781503378
3,13,4,1715372341
3,44,2,1721980274
3,31,1,1741746937
3,60,4,1714508768
3,58,2,1777669750
4,44,4,1761705170
4,59,4,1720534124
4,25,3,1758450095
4,26,2,1723640702
4,46,2,1770027662
4,13,3,1787302916
4,5,3,1736249845
4,38,3,1782666356
4,45,3,1772232344
4,41,5,1764893936
4,16,1,1762394301
4,7,3,1758461818
4,52,5,1779520597
4,20,2,1736023439
4,60,2,1743258988
4,39,2,1732949803
4,8,2,1711631697
4,37,1,1737437115
4,3,2,1760505620
4,23,2,1732730796
4,35,3,1762372114
4,28,2,1776483924
4,24,3,1781917334
4,54,3,1789682738
4,33,2,1750867083
4,22,3,1745150390
4,1,2,1703852048
4,27,3,1766344695
4,32,3,1743622663
4,4,1,1724406132
4,14,4,1765437844
4,12,3,1728470244
4,21,4,1747623800
5,39,2,1716194158
5,45,3,1725848226
5,57,3,1742352128
5,18,4,1716046365
5,36,3,1771922443
5,1,3,1792632184
5,34,2,1724850391
5,13,3,1725708194
5,6,3,1729042654
5,16,2,1764988034
5,47,4,1737111151
5,27,3,1779133014
5,32,2,1770415568
5,56,4,1780099897
5,51,2,1737983442
5,59,4,1713492385
5,31,3,1726054020
5,42,3,1739761527
5,48,3,1730532273
5,29,3,1748436637
5,2,3,1724084236
5,52,4,1740569669
5,19,2,1701898961
5,15,2,1771690398
5,26,3,1716989677
5,46,3,1736817443
5,20,2,1706109013
5,24,3,1707318358
5,44,3,1774270583
5,58,3,1739209916
5,17,2,1793605777
5,12,3,1716948946
5,14,4,1785613415
5,33,4,1765884623
5,43,3,1713769080
5,11,2,1701646234
5,41,3,1777049595
5,23,3,1738163378
5,37,4,1763001391
5,9,4,1764251933
5,10,3,1759118721
5,21,2,1745728776
5,8,2,1724744872
6,8,3,1783352876
6,53,2,1708083974
6,5,3,1781823275
6,26,3,1713318904
6,32,2,1727888820
6,58,3,1783955206
6,37,3,1728323322
6,41,3,1735520201
6,44,3,1788641164
6,4,2,1710896797
6,10,2,1721079846
6,50,4,1732194159
6,54,4,1723328859
6,20,3,1774087145
6,6,3,1710075036
6,16,1,1721009452
6,60,2,1700359129
6,36,3,1754830300
6,27,3,1760465583
6,39,3,1792525827
6,59,5,1779699989
6,15,3,1763070585
6,34,3,1739092160
6,25,3,1704380847
6,29,3,1731068214
6,43,2,1738668783
6,47,3,1737945817
6,28,2,1794353392
6,38,2,1760939053
6,19,2,1709553585
7,41,4,1790502794
7,38,4,1777201917
7,43,1,1778802305
7,52,3,1702784407
7,13,3,1790232106
7,28,2,1736173157
7,8,3,1777342561
7,35,2,1705399803
7,15,3,1723513701
7,42,2,1763149551
7,10,3,1769654147
7,18,3,1787444123
7,50,4,1759355025
7,5,2,1737333543
7,4,2,1724359060
7,11,4,1778561612
7,20,4,1758503492
7,39,1,1785199362
7,37,3,1765998319
7,19,3,1712246348
7,29,4,1763083727
7,54,3,1746702542
7,30,2,1754807553
7,44,3,1744735895
7,26,3,1743091709
7,49,2,1789943797
7,33,3,1714039158
7,32,2,1721585546
7,40,2,1744265498
7,3,5,1755250068
7,51,3,1793103304
7,2,2,1766500726
7,14,4,1738683937
7,24,4,1788930456
7,45,4,1753747791
7,59,4,1773832717
7,9,2,1704925405
7,1,3,1761045700
7,31,3,1711819185
7,58,3,1742213778
8,26,4,1786934122
8,56,2,1720665654
8,33,2,1766890827
8,53,1,1739172995
8,1,2,1768299645
8,43,2,1736698468
8,35,2,1755766169
8,30,4,1764759996
8,27,3,1763380266
8,4,2,1732713008
8,13,2,1761308842
8,34,3,1773989546
8,24,1,1719413516
8,40,3,1751484043
8,32,2,1725583290
8,41,2,1780447099
8,29,3,1768214937
8,51,3,1718321839
8,14,2,1709369750
8,18,4,1737077298
8,36,2,1755692629
8,9,4,1745617282
8,19,3,1768147397
8,44,4,1735859307
8,46,3,1700344303
8,8,4,1737962005
8,2,2,1740071487
8,16,4,1778777447
8,11,3,1777835998
8,10,3,1788575748
8,45,3,1765718414
8,59,2,1719944139
8,57,2,1759934576
8,42,3,1772287061
8,3,3,1765007200
8,54,3,1746321751
8,55,2,1744619335
8,15,4,1774077101
8,48,3,1772937948
9,13,3,1744099326
9,45,3,1790510730
9,16,2,1771621574
9,37,3,1751003997
9,25,3,1742501540
9,15,3,1784127561
9,50,2,1765491202
9,27,2,1772613940
9,3,3,1704818295
9,21,2,1782874006
9,48,3,1709183277
9,31,2,1731510328
9,46,4,1784712997
9,56,3,1791858555
9,47,3,1738571356
9,43,3,1730532691
9,42,5,1712130508
9,10,2,1758246664
9,32,3,1713212812
9,52,2,1785060193
9,9,4,1794474627
9,33,2,1713489853
9,38,2,1759549527
9,22,3,1722329103
9,7,2,1793147259
9,29,5,1740193656
9,36,3,1703885234
9,30,2,1706172803
9,1,3,1743536830
9,24,3,1707532195
9,5,3,1739375156
9,14,3,1748112135
9,28,2,1750310319
9,51,2,1757805802
9,39,2,1719538047
9,41,2,1732775624
9,58,3,1771291936
9,40,2,1755304649
9,11,2,1775957578
9,20,2,1791509696
9,60,4,1724166826
9,54,2,1722814819
10,25,2,1736840133
10,40,4,1701086890
10,44,3,1775957706
10,16,4,1792046449
10,32,2,1706582607
10,38,3,1781390501
10,10,3,1766669607
10,15,3,1738412328
10,30,2,1730885967
10,41,2,1781478884
10,17,3,1747287718
10,52,3,1729394291
10,50,3,1785445405
10,43,2,1725519083
10,1,2,1783334601
10,49,2,1733638559
10,19,2,1790968005
10,35,2,1788473848
10,11,3,1791382823
10,5,3,1718358198
10,29,4,1784322033
10,23,3,1713041121
10,55,2,1784216001
10,20,4,1786750368
10,28,4,1705291208
10,48,2,1741464269
10,45,4,1759166287
10,37,2,1704478111
10,13,2,1777789079
10,56,2,1748970845
10,36,2,1717637794
10,57,3,1712097496
10,4,3,1739609054
10,8,3,1743851498
10,31,4,1755767881
10,58,3,1723574011
10,12,3,1726950221
10,60,3,1717738187
10,54,4,1772398083
10,22,2,1749104566
10,46,2,1771249799
10,26,2,1767349752
11,59,1,1716587799
11,53,3,1761040347
11,31,3,1749470729
11,52,3,1790305496
11,19,4,1790240054
11,48,5,1735186708
11,22,3,1778458327
11,57,3,1751140376
11,8,3,1785704631
11,30,3,1749858348
11,5,1,1714541967
11,10,4,1790575029
11,15,3,1731383044
11,44,3,1763280554
11,47,1,1703358751
11,26,3,1783154172
11,36,2,1775350823
11,24,5,1744024257
11,6,1,1781883846
11,45,2,1729711402
11,1,2,1786926431
11,17,2,1708484847
11,35,2,1785282470
12,42,3,1782631441
12,27,2,1754776386
12,8,2,1737546086
12,9,2,1704391105
12,3,3,1792647902
12,56,3,1749731689
12,20,2,1729161443
12,32,1,1759509870
12,58,3,1759686067
12,7,3,1731690501
12,16,2,1748678896
12,35,3,1713335151
12,57,2,1792030447
12,25,3,1749302863
12,30,4,1773076970
12,24,4,1786547189
12,43,4,1748140388
12,49,2,1708126895
12,59,3,1753437398
12,38,3,1737028180
12,10,3,1725475673
12,60,2,1716395999
12,51,3,1761031132
12,53,3,1712304198
13,2,1,1779034501
13,4,2,1743455870
13,51,2,1702118101
13,22,4,1723386929
13,16,3,1735617024
13,9,3,1707032877
13,58,2,1717013243
13,37,4,1756500369
13,14,1,1770610004
13,5,1,1715253751
13,49,2,1708530615
13,36,4,1763920651
13,52,2,1760166480
13,38,1,1748592048
13,48,2,1768885632
13,15,1,1779680504
13,57,5,1714636981
13,10,3,1760667140
13,39,2,1767624084
13,1,2,1729735904
13,18,2,1782558242
13,43,2,1705820356
13,55,4,1788436473
13,35,2,1769987997
13,17,4,1740484137
13,12,2,1761477426
13,8,3,1786347724
13,60,2,1704180968
13,47,2,1708163847
13,41,2,1764287863
13,53,2,1753904155
13,26,4,1757213476
13,29,4,1792086447
13,34,2,1714490391
14,58,3,1739580505
14,6,2,1760896652
14,21,2,1767853916
14,39,3,1781259008
14,10,3,1757740376
14,5,2,1713311507
14,9,2,1794191239
14,18,2,1715356396
14,40,1,1787874085
14,41,1,1787364555
14,38,3,1773998961
14,36,5,1728859907
14,46,4,1757723010
14,60,3,1760606674
14,25,3,1730667888
14,57,5,1755541117
14,34,3,1745490631
15,7,2,1720767532
15,21,3,1788145654
15,28,1,1764718365
15,59,3,1730097636
15,43,2,1714524825
15,17,1,1746991504
15,24,2,1774660688
15,10,2,1749333209
15,44,4,1715419645
15,31,3,1737388792
15,5,2,1777054398
15,6,3,1730354559
15,49,2,1757594492
15,48,2,1775291541
15,58,3,1783446356
15,60,3,1782352411
15,54,2,1790593840
15,9,2,1786261621
15,36,2,1774724345
15,4,1,1703523729
15,38,3,1781737913
15,42,4,1788292612
15,39,3,1793076127
15,22,3,1735896226
15,8,2,1703886030
15,27,2,1724215035
15,23,2,1736677730
15,46,2,1794314632
15,41,4,1741471222
15,51,2,1745610493
15,53,3,1747113566
15,20,2,1700819505
15,30,4,1724347841
15,12,2,1719226889
15,32,3,1776010330
15,19,3,1788227303
15,55,3,1753792364
15,45,2,1709339597
16,6,2,1711402740
16,48,4,1707061037
16,34,1,1720881581
16,14,4,1721127198
16,25,3,1782924837
16,27,3,1706679008
16,30,2,1790458549
16,22,1,1710949687
16,11,3,1736521025
16,24,2,1759473616
16,20,3,1788843907
16,47,2,1756910299
16,21,3,1765184410
16,37,3,1781480362
16,39,2,1759330166
17,33,2,1789663907
17,8,2,1747535513
17,23,2,1709673809
17,28,2,1753293990
17,59,4,1705677713
17,19,3,1758548403
17,44,2,1702515446
17,54,4,1761707170
17,38,2,1710450542
17,32,3,1742018286
17,34,3,1777277086
17,43,1,1757617561
17,20,3,1776960402
17,3,4,1754280720
17,15,2,1785918360
17,26,3,1756061934
17,39,2,1738858073
17,4,2,1715458308
17,1,2,1754362516
17,14,5,1702799319
17,48,3,1743589647
17,41,4,1723068427
17,9,2,1782963368
17,17,2,1761753160
17,55,3,1792557892
17,21,3,1748567046
17,56,3,1711828592
17,42,3,1758614462
17,51,4,1714208709
17,24,3,1732657384
17,53,2,1758475513
17,6,3,1779036966
17,5,2,1753747464
17,13,2,1770325062
17,18,3,1710555833
17,58,1,1753118906
17,50,3,1741644346
17,37,2,1745568701
17,45,5,1729738898
18,33,4,1723286644
18,41,2,1780852623
18,8,3,1720517835
18,34,2,1787980930
18,60,3,1710113745
18,13,3,1723776150
18,50,1,1784281857
18,23,5,1766319264
18,53,4,1762270726
18,47,2,1775663295
18,42,3,1777774890
18,10,4,1760251043
18,16,3,1791420187
18,7,3,1775764804
18,49,2,1786300902
18,17,2,1785268296
18,55,3,1783821894
19,10,2,1762104107
19,29,2,1777890494
19,5,2,1774399083
19,31,4,1705505975
19,59,3,1760362235
19,41,3,1776726461
19,20,2,1787488142
19,51,4,1725265073
19,18,2,1743154591
19,38,2,1781202508
19,4,3,1763837847
19,23,3,1767292380
19,33,3,1720248230
19,58,3,1708304547
19,54,3,1760468188
19,30,3,1713891786
19,56,5,1746095437
19,3,2,1711318464
19,50,2,1767719420
19,24,2,1786721710
19,19,3,1723160465
19,47,3,1705253567
19,6,2,1733251599
19,48,3,1758754920
19,25,3,1758978194
20,24,5,1741638598
20,59,2,1788054173
20,19,5,1793748393
20,25,3,1788870276
20,27,3,1752607710
20,50,3,1717307598
20,22,2,1779865081
20,44,4,1711370793
20,39,4,1741551377
20,4,3,1775017250
20,41,4,1750557040
20,42,2,1786368203
20,54,2,1744087376
20,5,2,1717152188
20,48,4,1789941500
20,7,4,1794332362
20,36,1,1791994768
20,57,3,1770651318
20,58,2,1712543044
20,17,2,1786707983
20,52,2,1789987086
20,10,3,1756828640
20,46,3,1768248169
20,6,4,1748563745
20,40,3,1702446861
20,23,1,1748667035
21,50,2,1758743530
21,32,4,1705864298
21,13,4,1755144509
21,15,1,1748895439
21,9,4,1790779894
21,10,2,1731880763
21,5,1,1759619341
21,19,4,1781952730
21,51,2,1738242379
21,7,4,1760254091
21,33,4,1731407343
21,35,3,1771673763
21,48,4,1732100652
21,34,3,1741536077
21,3,5,1762950208
21,43,2,1726040410
21,22,4,1749370777
21,40,2,1791040800
21,56,3,1776560394
21,39,2,1759135982
21,25,2,1761965637
21,55,3,1737818761
21,11,2,1751254050
21,12,2,1767498993
21,38,3,1770794454
22,52,2,1758716573
22,39,2,1712309586
22,9,5,1729801436
22,56,2,1760549373
22,17,3,1746920514
22,4,3,1703579612
22,42,1,1755686520
22,31,3,1707148018
22,24,3,1753211150
22,36,1,1767378254
22,7,2,1750192261
22,46,2,1731645597
22,34,5,1751830338
22,8,4,1710952896
22,19,5,1750319927
22,6,3,1730137082
22,11,2,1703783268
22,18,2,1742773159
22,29,3,1713298711
22,33,3,1787236246
22,10,3,1745001909
23,59,4,1740419829
23,54,2,1716354208
23,31,3,1706408822
23,45,3,1732002808
23,60,2,1756348030
23,9,5,1785758649
23,49,2,1783592219
23,46,3,1761352751
23,58,3,1708429833
23,29,2,1714879094
23,40,3,1767085942
23,1,2,1780092958
23,6,3,1771947921
23,2,2,1702205915
23,17,2,1784819556
23,14,3,1769172559
23,10,2,1777181563
23,36,1,1732472386
23,39,1,1719270557
23,34,4,1739093864
23,28,2,1757611469
23,8,4,1700209961
23,19,2,1782518345
23,16,4,1747354167
24,43,3,1702179995
24,60,2,1747928328
24,6,2,1709067690
24,34,3,1746278607
24,24,2,1732363373
24,5,3,1788195059
24,57,2,1784323222
24,35,4,1713913528
24,33,2,1778101741
24,51,2,1744629892
24,52,3,1717905932
24,36,1,1705950635
24,2,4,1747284777
24,25,4,1773284724
24,31,3,1745439043
24,3,2,1786274567
24,41,2,1723500064
24,47,3,1791896538
24,56,2,1762360629
24,17,2,1793333565
25,9,4,1769696025
25,5,2,1735798645
25,46,3,1711087928
25,50,1,1756975380
25,30,3,1710593403
25,3,3,1757795113
25,19,4,1780859912
25,13,4,1724220459
25,55,4,1773212334
25,51,4,1739428661
25,53,2,1743112268
25,52,2,1713770458
25,21,2,1710746667
25,20,4,1744012664
25,33,3,1788707076
25,26,2,1739680122
25,35,3,1741137177
25,31,2,1759849800
25,17,3,1780882505
25,49,1,1757192331
25,57,3,1722366682
25,54,1,1792578665
25,23,2,1759580374
25,4,3,1747183837
25,22,2,1760012727
25,18,4,1705684813
25,8,3,1747319709
25,24,3,1782523968
25,28,2,1758376726
25,29,3,1736850196
25,40,2,1785828117
25,58,2,1707698469
25,15,4,1710071854
25,56,2,1790084776
25,11,5,1785565484
25,6,2,1754520614
25,16,2,1748762794
25,38,5,1768865239
25,43,2,1791188948
25,12,4,1721473054
26,44,4,1766980546
26,51,2,1769490594
26,29,3,1751940566
26,3,3,1775386435
26,9,4,1715805613
26,5,1,1735135070
26,16,2,1734935501
26,50,2,1794494355
26,42,2,1759897763
26,24,4,1728799154
26,59,3,1782124765
26,25,1,1738329479
26,37,3,1793144504
26,57,4,1765927774
26,39,3,1726867482
26,10,3,1716460116
26,60,3,1718217159
26,58,3,1709939096
26,53,4,1760672142
26,52,1,1723173544
26,43,3,1759741812
26,55,3,1711783073
26,48,4,1791526995
26,56,3,1742894344
26,34,3,1789635939
26,41,3,1746630633
26,26,2,1708715975
26,21,3,1773819367
26,18,2,1772769008
26,8,4,1738971765
26,4,3,1740259503
26,1,2,1721139996
26,35,2,1793981837
26,6,2,1785590648
27,15,3,1791282683
27,8,2,1769438885
27,13,3,1746239991
27,51,2,1717224779
27,9,5,1773994695
27,16,2,1785871687
27,57,2,1778891300
27,32,2,1724422678
27,2,3,1717318510
27,24,3,1758065043
27,36,3,1767493234
27,37,3,1707437386
27,54,3,1716664623
27,30,3,1769538491
27,50,2,1720537388
27,56,3,1740818905
27,40,2,1722099899
27,6,3,1721738837
27,5,4,1743306792
27,20,2,1730262109
27,26,3,1746442431
27,31,5,1769645282
27,34,4,1738124318
27,27,2,1710584397
27,49,2,1733635675
27,42,4,1726347197
27,45,1,1785235919
27,21,2,1773932683
27,35,2,1736836194
27,60,3,1716800072
27,39,2,1783889081
28,33,3,1786094462
28,42,3,1777412924
28,11,2,1735521514
28,38,4,1787393186
28,57,2,1728294221
28,10,4,1776790955
28,58,3,1755913331
28,43,3,1782961108
28,40,4,1785763946
28,47,3,1704064904
28,39,3,1766845536
28,22,3,1784176528
28,37,4,1773226170
28,3,3,1738879071
28,2,3,1786155337
28,6,3,1740546385
28,51,2,1764819756
29,26,2,1782594562
29,20,3,1756121095
29,30,5,1733322272
29,5,2,1721434525
29,45,2,1743947691
29,4,3,1777535841
29,11,3,1741971886
29,29,3,1725479101
29,27,3,1721386576
29,31,3,1766876068
29,58,3,1769085198
29,14,4,1762654864
29,22,2,1766942394
29,39,2,1741411602
29,10,3,1766755908
29,21,4,1703110670
29,56,3,1712086184
29,23,5,1752780072
29,60,2,1767839607
29,9,2,1761368457
29,24,1,1732310051
29,33,3,1728876195
29,36,2,1778295121
29,7,4,1747364777
29,44,2,1706530784
29,16,3,1706783418
29,50,2,1737763008
29,8,3,1766423575
29,18,4,1780197611
29,15,3,1787813295
29,47,2,1790264187
29,57,3,1763161098
29,55,3,1738352498
29,2,4,1772033413
29,46,3,1701097552
29,13,2,1714428014
30,24,3,1744699966
30,49,3,1763584863
30,26,3,1769703656
30,60,3,1761335966
30,3,3,1719990477
30,58,3,1781370909
30,4,3,1769190008
30,37,3,1718761086
30,36,2,1744018830
30,13,3,1782284610
30,57,3,1742752377
30,52,2,1721810655
30,19,4,1752741471
30,5,2,1782745294
30,25,2,1740162553
30,33,3,1779688374
30,29,3,1745147280
30,59,4,1768090664
30,18,3,1768412668
30,40,3,1771449442
30,41,4,1765746104
30,8,4,1775554415
30,9,3,1740237208
30,7,3,1763739005
30,55,3,1702232974
30,50,5,1749440148
30,22,2,1744458225
30,35,3,1790436763
30,10,3,1714710878
30,53,4,1755907088
30,20,3,1778343175
30,17,3,1741295819
30,51,3,1792347655
30,44,3,1784457912
30,2,2,1703576520
30,43,2,1780115852
30,46,3,1763698420
30,47,1,1735638891
31,15,3,1708359252
31,47,3,1718533117
31,4,3,1769616482
31,38,2,1727828932
31,31,3,1775280948
31,11,5,1743627409
31,34,1,1788882576
31,41,2,1764205866
31,59,3,1770528349
31,40,3,1750576565
31,50,2,1742111160
31,25,3,1723244151
31,10,4,1761694994
31,44,2,1771555103
31,16,3,1745946354
31,3,3,1773319550
31,37,3,1747551594
31,8,2,1790713544
31,13,4,1791368166
31,2,3,1786343485
31,29,3,1793054937
31,21,4,1735482091
31,27,2,1781883092
31,48,3,1764985553
31,57,2,1725805259
31,14,3,1733087238
31,36,2,1737447604
31,33,5,1774905122
31,56,2,1740063879
31,28,3,1730181142
31,32,3,1739945150
31,24,3,1738789478
31,51,3,1727820354
32,23,3,1778763056
32,36,5,1732115895
32,51,3,1732542167
32,47,3,1706813620
32,18,3,1789903592
32,19,2,1771275182
32,8,3,1730289135
32,37,4,1785623471
32,44,5,1731250794
32,35,2,1707045237
32,25,1,1713448342
32,26,4,1755472370
32,60,3,1744331259
32,10,3,1763404979
32,55,2,1713494908
32,3,2,1791428040
32,46,3,1718450513
32,6,2,1700695441
32,48,2,1773867070
32,29,3,1721198492
32,17,3,1754614193
32,31,3,1787629787
32,14,4,1763847325
32,13,2,1764082055
32,58,2,1787313825
32,56,2,1726770527
32,59,2,1738553376
32,9,5,1743106399
32,7,3,1738307798
32,20,2,1786690951
33,42,2,1740049524
33,37,3,1776230551
33,15,2,1780904160
33,35,2,1714401654
33,48,2,1744968591
33,47,2,1738193218
33,3,2,1760981700
33,12,5,1786075494
33,27,3,1772920556
33,53,2,1770372842
33,54,3,1766291802
33,26,3,1718012011
33,32,3,1767674279
33,51,2,1762816684
33,19,3,1736619573
33,50,3,1725878707
33,1,3,1715119192
34,42,3,1735002007
34,17,3,1751482483
34,46,4,1731611127
34,12,2,1759959826
34,1,5,1735835371
34,48,5,1744241559
34,22,4,1740526484
34,51,2,1778176558
34,19,5,1776890296
34,37,4,1701534878
34,44,3,1735105069
34,49,2,1787735896
34,13,2,1748258264
34,57,3,1792981826
34,40,3,1731715995
34,41,2,1708338186
34,26,2,1789628735
34,28,4,1715867870
34,33,4,1762464258
34,21,3,1741178850
34,6,2,1721436829
34,50,2,1754414096
34,7,3,1792083242
34,47,2,1767447155
34,9,4,1794429826
34,31,1,1741738753
34,45,3,1792649206
34,16,3,1715759274
34,56,2,1785726382
35,15,4,1794457890
35,9,3,1748557943
35,31,1,1710482769
35,10,4,1775721444
35,30,3,1715060409
35,48,4,1708289024
35,39,2,1773504237
35,24,3,1767845324
35,27,2,1727133023
35,45,2,1776866717
35,36,3,1772029307
35,58,3,1720112846
35,35,1,1722083803
35,43,3,1744039203
35,14,3,1769839059
35,16,3,1759302835
35,44,3,1715601471
35,54,3,1791307681
35,6,3,1727568520
35,34,2,1778268756
35,29,3,1765609379
35,41,2,1712205980
36,9,3,1724156684
36,33,4,1718176954
36,27,2,1786104027
36,30,3,1786688655
36,37,2,1756420024
36,4,3,1750259293
36,36,2,1751335545
36,57,2,1760201634
36,44,3,1750666702
36,20,1,1750418290
36,47,3,1710770971
36,2,2,1791634516
36,26,3,1788824290
36,17,2,1772383656
36,1,3,1717849589
36,14,2,1787715861
36,38,3,1746676884
36,5,3,1715922674
36,3,3,1723954324
36,28,1,1772109613
36,23,3,1752755436
36,43,3,1770980044
36,35,4,1717092236
36,55,2,1729888974
36,39,2,1700466177
36,31,3,1703051483
36,42,5,1740045602
36,19,4,1762143331
36,58,3,1790395620
37,53,3,1758916591
37,15,3,1731452485
37,16,2,1772445335
37,30,4,1729161379
37,23,2,1707575790
37,10,2,1718808678
37,18,3,1767631755
37,13,2,1738824283
37,47,3,1731428626
37,49,4,1777324220
37,8,2,1742802529
37,3,2,1777507357
37,43,4,1780251151
37,27,3,1790265703
37,40,3,1743038943
37,2,2,1731796721
37,58,4,1740502136
37,14,4,1719228089
37,5,3,1788612211
37,7,2,1769961132
37,39,4,1729667854
37,51,2,1755507111
37,29,2,1740332555
37,4,4,1736930534
37,44,2,1708181595
37,46,3,1774721440
37,26,3,1779412216
38,28,3,1760369365
38,36,4,1749805178
38,32,3,1712410307
38,4,4,1771891784
38,23,2,1725566010
38,42,3,1706917129
38,43,3,1736032304
38,25,4,1750622628
38,51,5,1790418714
38,34,4,1781197624
38,21,3,1780922827
38,45,5,1705307982
38,27,2,1709768947
38,48,4,1725254849
38,10,2,1778864147
38,20,4,1790120563
38,53,4,1775007641
38,12,3,1729127464
38,35,3,1764343201
38,31,4,1728036618
38,16,3,1744689713
38,15,2,1740693207
38,49,3,1702058055
38,46,3,1728428357
38,30,3,1725504548
38,57,4,1715745913
38,47,3,1764279671
38,52,3,1732560305
38,9,5,1793365379
38,13,4,1781121400
38,8,2,1794458220
38,58,2,1727449289
38,7,2,1753235053
38,11,4,1732122457
38,50,1,1774098828
38,3,4,1743166435
39,42,3,1732981324
39,23,2,1767015110
39,20,1,1773905989
39,17,2,1787859993
39,24,1,1791918556
39,33,4,1745307111
39,32,4,1734537812
39,30,3,1765581613
39,7,4,1786126771
39,47,3,1765846624
39,31,2,1761851421
39,49,1,1722579937
39,21,4,1747268285
39,14,1,1722718459
39,56,1,1718784915
39,48,3,1773356206
39,27,4,1765540707
39,3,3,1724702473
39,37,3,1772764376
39,15,3,1786142207
39,10,3,1707882882
39,2,4,1770322629
39,57,3,1704539747
39,36,4,1709976458
39,44,4,1789686372
39,19,2,1706511491
39,40,2,1700856822
39,13,1,1755350347
39,22,2,1718453800
39,8,2,1784651342
39,55,2,1731062464
39,35,4,1709122502
40,30,3,1770659726
40,24,3,1733878996
40,4,1,1747572279
40,40,2,1735879718
40,41,3,1753270536
40,43,2,1710605783
40,57,2,1750070135
40,31,3,1754496076
40,55,3,1761605634
40,32,2,1775833309
40,2,1,1732642810
40,1,2,1793581474
40,35,4,1730314047
40,36,1,1740261914
40,27,3,1791810512
40,49,2,1710820219
40,50,3,1787742922
40,34,4,1787227356
40,18,3,1704252622
40,48,4,1712549425
40,19,3,1754395532
40,44,4,1750903955
40,33,3,1750622842
40,28,2,1774182331
40,12,2,1763888323
40,7,3,1707531619
40,56,2,1785462880
40,10,1,1701268380
40,16,4,1794334279
40,52,2,1723002714
40,20,4,1711097943
41,51,2,1772553061
41,22,3,1744524025
41,37,2,1751518966
41,55,3,1718783850
41,7,2,1792517694
41,34,3,1710526386
41,3,2,1767215278
41,15,4,1746420476
41,14,2,1707207013
41,45,3,1713111164
41,58,3,1758664992
41,31,4,1731157840
41,18,2,1710202996
41,54,2,1745713584
41,5,2,1781224373
41,44,2,1782391596
41,48,3,1779941241
41,35,5,1753244581
41,50,2,1743805532
41,47,1,1703976288
41,12,2,1785110541
41,21,4,1736685332
41,2,3,1760471823
41,52,4,1765847681
41,10,4,1730620216
41,26,2,1747756170
41,46,3,1774227466
41,20,4,1750388958
41,11,2,1757961650
41,19,2,1724929311
41,8,3,1791227099
41,49,2,1778634827
41,27,2,1788673882
41,13,2,1751012496
41,59,2,1711501669
42,5,2,1751705758
42,6,3,1701656329
42,18,3,1739171088
42,10,3,1755540647
42,25,3,1752049575
42,46,2,1711368176
42,51,3,1775099723
42,41,5,1732580349
42,57,2,1776767229
42,48,4,1769941466
42,56,4,1722761034
42,21,2,1791981555
42,24,2,1751100987
42,7,4,1722750139
42,59,5,1718634797
42,1,3,1736093692
42,20,3,1740417154
42,29,4,1736024950
42,54,3,1766185975
42,58,2,1719587040
42,47,2,1708491573
42,9,2,1722442197
42,55,5,1758341261
42,12,4,1737038975
42,28,3,1756519399
42,43,2,1740232066
42,33,3,1764992426
42,27,3,1710324210
42,40,2,1748469365
42,45,5,1733782566
42,3,4,1733096758
42,37,3,1783890601
42,53,2,1766545476
42,30,2,1779699345
42,44,2,1782767884
42,26,3,1726246038
42,11,3,1761453148
43,26,2,1780961645
43,22,1,1793320552
43,54,2,1726957830
43,40,3,1764291599
43,25,2,1742168966
43,52,1,1723842070
43,59,4,1753450811
43,29,4,1742833932
43,58,2,1739117508
43,28,3,1793275652
43,42,2,1784946730
43,39,2,1765901885
43,9,4,1777293208
43,20,3,1732537638
43,21,3,1743739710
44,26,3,1748255231
44,24,3,1794171759
44,8,4,1772062301
44,37,2,1779701163
44,13,2,1785655118
44,38,3,1711406082
44,35,2,1714679315
44,12,2,1733316996
44,44,2,1788261798
44,50,4,1789213703
44,36,3,1747648477
44,2,2,1722325574
44,47,3,1786838849
44,30,3,1782232236
44,46,3,1705945401
44,14,4,1775594147
44,29,1,1786574622
44,19,2,1790928738
44,5,2,1786804457
44,27,2,1753635785
44,32,2,1744506155
44,9,2,1757774765
44,20,3,1714219637
44,16,2,1701415698
44,17,3,1713234748
44,10,2,1734727276
44,28,1,1729796480
44,25,2,1768541804
44,42,2,1769631857
44,15,2,1774892608
44,55,3,1777915846
44,57,5,1792296754
44,43,3,1777206788
44,56,4,1729666377
44,18,5,1759831384
44,51,3,1750213478
44,23,2,1752497139
44,45,3,1762151291
44,60,2,1791208393
44,49,2,1778999206
45,31,3,1764817230
45,7,3,1746748074
45,19,5,1763909453
45,27,3,1713102741
45,6,5,1758809636
45,8,3,1793517982
45,54,1,1760726434
45,47,1,1742803305
45,10,3,1709015987
45,23,1,1740300763
45,20,4,1705997257
45,22,2,1715446483
45,30,1,1703031322
45,14,4,1746047142
45,34,4,1786969050
46,60,2,1703918120
46,48,1,1782424037
46,16,2,1726484437
46,34,3,1760340936
46,12,3,1779484162
46,36,4,1757653606
46,11,4,1752188655
46,22,3,1700597274
46,55,2,1794588013
46,28,2,1728829445
46,30,3,1727619925
46,15,4,1737358810
46,26,2,1794457033
46,41,2,1708397164
46,56,2,1777490324
46,46,2,1713656928
46,47,2,1772060023
46,43,4,1725093324
46,51,3,1749095909
46,59,1,1743752954
47,43,3,1715819123
47,56,2,1732020689
47,32,2,1740987410
47,34,3,1715696616
47,41,2,1724567819
47,21,4,1750104292
47,39,3,1793071477
47,25,2,1718972822
47,40,4,1768561753
47,26,2,1752138657
47,38,3,1756135102
47,8,3,1780050918
47,23,3,1718504235
47,48,3,1777149161
47,30,2,1751500679
47,52,2,1756779304
47,12,3,1724931439
47,20,2,1765319770
47,45,5,1785295586
47,50,2,1772125824
47,6,3,1793070991
47,9,3,1786605343
47,55,1,1723251181
48,12,2,1759572772
48,21,3,1765592138
48,54,3,1722448383
48,29,3,1711095863
48,40,3,1775886408
48,4,3,1704142053
48,23,3,1729598969
48,1,3,1739203644
48,32,2,1704388260
48,9,3,1736890134
48,13,3,1730177972
48,25,2,1772156607
48,36,4,1738744673
48,33,3,1722576626
48,42,4,1761380637
48,52,3,1775920319
48,27,4,1766479831
48,45,3,1773782999
48,44,5,1768559218
49,50,2,1758930964
49,35,3,1715755285
49,53,3,1731802361
49,24,3,1728169370
49,59,3,1778909809
49,58,4,1792493944
49,49,2,1747060874
49,3,2,1781907952
49,54,2,1784929036
49,47,2,1757467610
49,29,5,1722277675
49,56,2,1782698414
49,14,2,1718687800
49,28,4,1727732020
49,7,4,1727775381
49,42,3,1707966873
49,16,5,1776514083
49,20,3,1747085656
49,55,2,1771441519
49,60,3,1737726592
49,17,2,1780108882
49,23,4,1772312290
49,6,4,1722599227
50,37,4,1777500742
50,18,4,1784879557
50,55,3,1736066605
50,33,3,1784263610
50,44,1,1755596350
50,53,3,1750354777
50,7,2,1760665302
50,9,2,1710135622
50,49,3,1785044078
50,51,3,1712494970
50,27,2,1754069715
50,4,4,1769204468
50,59,5,1737342819
50,42,3,1793241540
50,58,4,1749535894
50,45,4,1761028216
50,46,2,1765504221
50,16,3,1743928023
50,10,3,1778108751
50,21,3,1700331931
50,43,3,1712501261
50,26,2,1761532017
50,32,2,1785206855
50,47,2,1789139874
51,35,2,1711062296
51,26,3,1749908025
51,14,3,1789188862
51,28,5,1787095388
51,53,3,1722216400
51,58,3,1706950770
51,32,3,1753196064
51,18,5,1783967184
51,21,2,1741004756
51,19,2,1793877431
51,22,2,1731426254
51,36,2,1757610401
51,37,4,1787977738
51,9,4,1712240547
51,48,3,1794448752
51,54,2,1712775337
51,50,2,1700145801
51,4,3,1728644905
51,3,2,1763995913
51,7,4,1710460758
51,30,2,1717810664
51,2,4,1779682313
51,8,4,1730358823
51,11,1,1769718627
51,29,1,1791265736
51,40,1,1759735865
51,1,3,1701246473
51,57,3,1701082139
51,13,4,1793361463
51,23,2,1746113741
51,60,4,1716185823
51,5,5,1756682016
51,52,4,1793151264
51,10,4,1717740248
51,6,5,1764115841
51,47,4,1709506414
51,42,4,1730728728
51,33,4,1751414775
51,12,2,1711989814
51,25,2,1713747542
52,20,2,1788369672
52,9,4,1740486688
52,25,2,1727574457
52,50,3,1769491111
52,53,3,1781460345
52,49,2,1768386961
52,59,3,1725319707
52,42,3,1752579931
52,44,2,1739666982
52,10,2,1786727439
52,5,1,1707324144
52,34,2,1732123815
52,37,4,1766422705
52,1,3,1751792685
52,40,3,1715132198
52,56,2,1732357445
52,11,5,1767052833
52,29,3,1785641960
52,23,3,1779715904
52,14,2,1709531069
52,51,2,1770905413
52,27,2,1701619606
52,43,3,1748465780
52,41,5,1742476240
52,6,3,1717714442
52,7,2,1751920550
52,54,2,1776286724
52,8,2,1756487347
52,58,1,1749044830
52,12,3,1773330690
52,48,2,1791662930
52,52,3,1723188838
52,26,3,1763218512
52,57,3,1709796799
52,33,2,1702240013
52,55,2,1778834594
52,21,2,1709064068
52,3,2,1701851322
52,28,4,1735189912
52,18,4,1728956527
52,60,3,1705345470
52,46,3,1708115992
52,47,3,1753415303
53,50,3,1715567455
53,27,3,1760850538
53,28,3,1782181084
53,45,5,1781716102
53,26,2,1707385816
53,6,2,1741512209
53,41,3,1789399687
53,35,2,1788322292
53,53,2,1723574794
53,40,3,1716031369
53,10,3,1701699863
53,18,3,1718416255
53,55,3,1794153684
53,20,2,1701523452
53,48,4,1721989243
53,33,2,1766627415
53,14,3,1746533974
53,60,3,1770196591
53,52,3,1769420474
53,21,2,1734795538
53,56,4,1722409388
53,38,3,1749911470
53,5,1,1717036337
53,47,2,1736072958
53,58,3,1715845304
53,16,2,1703940129
53,4,4,1744964418
53,42,1,1757622968
53,46,4,1736504617
53,30,2,1770310522
53,44,1,1708572753
54,5,3,1730133935
54,32,2,1743191535
54,30,2,1733321320
54,33,3,1755869014
54,24,3,1742940967
54,4,3,1736407626
54,59,2,1710453825
54,37,4,1776710258
54,11,3,1750037465
54,56,3,1716025721
54,52,2,1767382794
54,17,2,1790372247
54,7,4,1707069536
54,53,2,1724071191
54,44,1,1729955391
54,8,3,1769226031
54,15,3,1706164431
54,57,1,1753811222
54,1,3,1709251149
54,3,3,1762423883
54,42,4,1737890586
54,16,4,1741701149
54,41,2,1743929586
54,31,2,1711594468
54,51,3,1774234670
54,25,2,1761303434
54,10,3,1701069604
54,12,2,1749515518
54,38,2,1726933626
54,18,2,1739137230
54,26,4,1775672859
54,23,3,1740790016
54,36,4,1783579731
54,21,3,1732559072
54,14,3,1762267186
55,50,3,1711395409
55,13,2,1777949714
55,47,2,1712828128
55,35,5,1767837366
55,49,3,1717919925
55,51,2,1785525640
55,16,3,1752928934
55,10,5,1710043577
55,1,2,1779442904
55,27,1,1776211608
55,2,4,1708359464
55,15,2,1758382413
55,57,4,1788911718
55,23,3,1717543369
55,41,2,1731778964
55,45,3,1739148093
55,52,2,1735029610
55,22,3,1742279780
55,44,4,1752741214
55,25,2,1794049798
55,20,3,1743788744
55,7,4,1742688984
55,14,2,1760768130
55,34,2,1736501299
55,54,2,1731354768
55,55,3,1710024377
55,32,4,1727207628
55,4,2,1718268622
55,53,2,1778478184
55,58,3,1714626086
55,9,2,1720858851
55,3,3,1714181143
55,60,2,1722062036
55,8,3,1760339827
55,17,2,1762552858
55,38,3,1742148834
55,31,3,1754561191
55,12,4,1716205010
55,56,3,1771930575
56,20,4,1774618850
56,30,3,1773835976
56,17,2,1733534652
56,55,4,1712713811
56,8,2,1762014395
56,6,3,1713677772
56,11,3,1718762704
56,52,2,1716301180
56,44,3,1701604831
56,60,3,1708277097
56,46,4,1729835008
56,45,1,1717544302
56,39,2,1726592965
56,3,5,1753765180
56,14,2,1749961172
56,21,2,1792111648
56,10,2,1784597104
56,57,3,1786528158
56,16,3,1711279580
56,23,4,1778158177
56,26,2,1778667527
56,33,3,1734738319
56,4,2,1710064609
56,51,4,1702925970
56,58,2,1708653290
56,12,5,1726541600
56,2,3,1786702893
56,40,3,1759516344
56,29,3,1717286109
57,52,4,1733440045
57,22,2,1784658420
57,8,3,1772968364
57,3,3,1702621269
57,30,3,1751338023
57,4,3,1748199211
57,11,3,1764382155
57,37,3,1773083942
57,28,3,1765052579
57,47,2,1746175477
57,26,3,1775920407
57,32,2,1767430081
57,2,3,1743165014
57,25,1,1752127652
57,44,2,1736297263
57,60,4,1724134478
57,12,2,1703498112
57,23,2,1742799022
57,14,3,1780143600
57,46,3,1729396392
57,18,3,1703933043
57,40,3,1737706144
57,29,3,1707863981
57,10,3,1763308406
57,57,4,1771059199
57,16,2,1747973830
57,19,3,1778381665
57,49,4,1731240803
57,27,2,1721424479
57,38,2,1713439803
57,39,3,1733266810
57,35,2,1788162850
57,48,1,1732366980
57,36,3,1735772648
57,9,2,1771630600
57,13,2,1707503932
57,5,3,1729448924
57,42,3,1777268086
57,7,3,1752133188
57,21,3,1747621071
57,17,3,1723315234
58,52,2,1770658723
58,48,3,1764154596
58,45,3,1700091737
58,23,2,1744524582
58,38,3,1782427773
58,2,3,1727040091
58,46,4,1717514010
58,58,3,1745735904
58,57,4,1723818260
58,37,2,1743431355
58,51,2,1707993466
58,10,4,1702941099
58,50,2,1719825571
58,13,4,1778733350
58,32,1,1794582741
58,35,2,1719012298
58,20,4,1714887509
58,12,3,1770638102
58,54,4,1748974686
58,3,4,1709735027
58,6,2,1750142505
58,4,2,1794561490
58,15,3,1788870866
58,56,2,1753095937
58,55,4,1778653825
59,9,4,1794221978
59,11,3,1776884584
59,47,3,1752559853
59,28,3,1776166246
59,51,1,1704346338
59,41,4,1724438599
59,32,2,1780851238
59,42,2,1742710350
59,21,3,1782058189
59,12,3,1729648058
59,46,4,1785851936
59,36,3,1775906869
59,45,5,1713973438
59,40,3,1766596831
59,23,4,1718876833
59,15,3,1744448673
59,43,2,1710443030
59,38,1,1731943272
59,56,4,1746548066
59,25,2,1742885071
59,20,4,1722533467
59,19,2,1785387542
59,60,4,1711908603
59,53,3,1789929175
59,1,2,1785778910
60,17,4,1722325567
60,14,2,1755568711
60,16,3,1766180344
60,45,2,1750829941
60,5,1,1747141449
60,23,2,1773286096
60,60,4,1750378298
60,51,2,1713613510
60,7,2,1764355957
60,47,1,1777585294
60,1,2,1787371655
60,4,1,1792229108
60,25,3,1730277201
60,29,4,1721831387
60,27,1,1760570772
61,19,3,1782362000
61,2,2,1764791834
61,21,3,1794557013
61,17,3,1704159837
61,7,1,1757891237
61,5,2,1787729428
61,22,2,1722145548
61,11,3,1781512791
61,25,3,1758277389
61,53,2,1721086112
61,47,2,1707188130
61,55,2,1713590593
61,36,3,1744438762
61,6,2,1727588517
61,54,4,1725499255
61,39,2,1754932613
62,17,2,1753347164
62,43,3,1763209094
62,19,2,1765645462
62,20,1,1788723294
62,16,3,1735568288
62,7,3,1712232184
62,4,3,1786149847
62,26,3,1773031359
62,37,3,1752013009
62,36,4,1724814337
62,32,4,1749797531
62,10,3,1751196706
62,54,2,1749580252
62,24,4,1725042738
62,1,2,1759830944
62,28,3,1705988382
62,6,4,1735338986
62,58,2,1759020960
62,41,2,1762419022
62,39,2,1735353058
62,31,4,1730365724
62,13,2,1736045780
62,55,3,1775731895
62,2,3,1708273096
62,14,4,1720284415
62,11,3,1793478748
62,59,2,1789586100
62,44,2,1712979206
62,40,3,1711503440
62,45,3,1789676390
62,48,4,1746142898
62,49,4,1772672055
63,36,2,1716143959
63,4,3,1760269093
63,54,2,1723203422
63,25,2,1722436477
63,53,2,1728439415
63,34,2,1725867257
63,27,2,1716936398
63,35,1,1705727862
63,44,2,1756824417
63,31,4,1710518444
63,37,3,1791687548
63,16,3,1758437492
63,51,3,1727101146
63,20,3,1784184877
63,6,3,1719847882
63,26,3,1779865944
63,3,2,1734612921
63,33,5,1742916049
63,50,2,1708994192
63,55,3,1711680625
63,42,3,1752089786
63,10,3,1774673939
64,18,3,1744492381
64,34,2,1792679187
64,30,3,1731887353
64,56,3,1706615722
64,1,2,1763782705
64,51,3,1736048781
64,45,3,1749988144
64,40,1,1702715612
64,38,5,1745347617
64,59,1,1740675347
64,27,3,1741734908
64,8,3,1737627490
64,50,2,1765984013
64,10,2,1793440079
64,47,2,1791919283
64,37,4,1713182514
64,52,2,1730595926
64,44,3,1718036919
64,7,3,1740329802
64,42,5,1759473299
64,54,2,1743066216
64,41,2,1736160937
64,19,3,1755938288
64,35,2,1781198924
64,23,3,1786644900
64,48,4,1711983878
64,17,2,1725224301
64,25,2,1759286198
64,32,2,1728372352
64,43,4,1754649480
64,20,2,1765023164
64,16,3,1769323646
64,2,2,1750185378
64,6,4,1707543817
64,9,4,1769158328
64,13,2,1721336920
64,5,2,1708806960
64,58,2,1741758234
64,36,2,1768020910
64,33,2,1754141437
64,28,4,1718206610
64,21,4,1770368504
65,54,3,1736115786
65,13,3,1787454571
65,60,3,1754963125
65,4,2,1768891441
65,16,3,1702691381
65,3,5,1791563298
65,30,2,1701194267
65,57,3,1763632249
65,24,1,1717758896
65,46,3,1786888739
65,59,4,1723246598
65,18,3,1780683906
65,52,4,1701135982
65,58,4,1730033905
65,33,3,1733875271
65,26,3,1781650533
65,41,1,1740998106
65,8,2,1786267144
65,2,2,1736960684
65,56,2,1756882385
65,48,4,1750529679
65,32,2,1746802956
65,29,2,1761605671
65,12,3,1733822694
65,31,2,1729287523
65,23,3,1762639147
65,35,5,1740553227
65,11,2,1790891729
65,17,1,1769878835
65,40,2,1783698993
65,27,3,1753304911
65,34,5,1778448538
65,55,3,1713732098
65,10,3,1700986174
65,1,2,1768654208
65,50,2,1788899843
65,42,4,1750228268
65,6,1,1775357498
65,19,4,1786884788
65,7,4,1779694801
65,43,3,1781745321
65,20,5,1737940248
65,21,4,1740060760
66,18,3,1754304344
66,41,4,1752113377
66,21,3,1704740436
66,56,3,1778252116
66,60,2,1776778235
66,17,3,1725489981
66,42,4,1746059101
66,46,3,1729845082
66,54,2,1792116057
66,20,1,1771757508
66,13,3,1785672999
66,10,2,1763852097
66,34,2,1790176660
66,16,3,1748116670
66,4,3,1768090647
66,39,1,1740291467
66,26,5,1722815223
66,43,3,1788263548
66,58,4,1774926784
66,9,2,1724311643
66,2,4,1739431028
66,32,3,1713100061
66,19,3,1763187139
66,55,3,1717172371
66,27,4,1734715663
67,12,4,1765441993
67,44,2,1744644768
67,58,2,1784695784
67,22,3,1723732951
67,42,3,1742065724
67,6,2,1785161010
67,15,4,1707786452
67,23,4,1700632635
67,54,2,1760673557
67,48,2,1736712288
67,20,3,1728102825
67,27,3,1722629881
67,57,2,1777346846
67,24,4,1721264801
67,17,2,1765709924
67,38,3,1711816709
67,19,4,1717368573
67,30,4,1782474074
67,8,3,1758211760
67,31,4,1785025258
67,4,3,1757634397
67,45,3,1754142556
67,39,2,1757582820
67,5,3,1764075580
67,41,4,1751447859
67,13,3,1700626681
67,33,5,1705063406
67,56,3,1771643088
67,25,3,1726764927
67,46,3,1750076822
67,10,2,1701889398
67,14,3,1743246714
67,2,2,1771274148
67,37,2,1725578773
67,49,3,1702404661
67,7,2,1790831598
67,11,3,1700553491
67,29,2,1784112495
67,59,1,1733396474
67,52,4,1730368869
67,26,2,1793083315
67,47,2,1746217844
67,55,3,1741888314
67,3,4,1717304799
68,20,1,1705014834
68,11,2,1750357475
68,5,2,1785942441
68,53,2,1734331441
68,3,4,1771770706
68,60,2,1783635734
68,19,4,1706521231
68,30,2,1779715138
68,47,3,1706437132
68,34,2,1788848098
68,39,4,1714510741
68,51,3,1787720360
68,22,3,1702649695
68,28,3,1706473999
68,44,1,1792576644
68,9,3,1715541047
68,48,4,1755938669
68,32,5,1759634854
68,23,3,1751036796
68,13,2,1716588648
68,59,3,1773454998
68,26,2,1733921959
68,2,4,1763672398
68,15,3,1794203157
68,37,3,1720552371
68,45,4,1727581060
68,14,4,1793307094
68,38,3,1792038468
68,40,2,1784598956
68,4,1,1701248835
68,12,2,1740415166
68,42,2,1756488410
68,21,2,1788807116
69,40,3,1739641367
69,39,2,1721524980
69,45,4,1705288944
69,9,2,1773569939
69,27,2,1766619601
69,54,2,1727876214
69,7,3,1792369165
69,33,3,1764513622
69,47,2,1744372866
69,60,2,1731474764
69,8,2,1700367488
69,19,3,1701711195
69,50,2,1790145073
69,55,2,1711945758
69,32,3,1714821786
69,13,4,1777061479
69,59,3,1789794603
69,58,3,1766317520
69,17,4,1720017834
69,34,3,1712090691
69,43,4,1768679929
69,23,3,1710072800
69,56,2,1713594977
70,19,1,1753791447
70,17,4,1753720675
70,30,3,1761275585
70,4,3,1736484819
70,7,4,1751769856
70,53,3,1792597136
70,12,2,1764188958
70,3,4,1756604960
70,60,2,1787086700
70,24,2,1722384662
70,44,3,1715174194
70,21,3,1717785402
70,28,2,1793438338
70,8,2,1707871385
70,56,2,1721393688
70,55,4,1713920137
70,1,1,1755838294
70,9,1,1779289163
70,42,2,1764783521
70,11,3,1776362294
70,22,3,1791052385
70,23,2,1758809216
70,29,3,1724328380
70,18,3,1782050405
70,6,3,1750969286
70,51,4,1748130331
70,40,3,1782055138
70,54,2,1703867648
70,47,3,1791867220
71,32,2,1729891163
71,8,3,1773886264
71,57,2,1786344588
71,27,1,1750819877
71,29,4,1754126921
71,3,3,1731541166
71,5,2,1710580463
71,17,2,1761618633
71,42,4,1759618021
71,21,3,1776911446
71,1,4,1760142774
71,46,2,1711813825
71,44,5,1766901651
71,34,3,1760004467
71,37,3,1742421060
71,49,2,1715932563
71,15,2,1766756320
71,43,2,1787694240
71,22,2,1702384932
71,47,3,1713776553
71,41,3,1754148754
71,7,2,1755343143
71,28,2,1704809280
71,16,1,1774776858
71,31,2,1773698792
71,23,4,1700022778
71,25,3,1712199793
71,10,2,1781094790
71,4,2,1783089652
71,50,2,1785568918
71,51,3,1740882445
71,6,2,1768227936
71,53,4,1775475000
71,45,3,1727763104
71,58,3,1787858385
71,56,3,1790123764
71,55,2,1761231190
71,26,3,1745748676
71,11,4,1748767001
71,59,2,1707284695
71,52,3,1729919562
71,9,4,1760996586
71,2,3,1744556611
71,38,3,1775182173
72,24,1,1755629268
72,46,4,1706241172
72,29,5,1784992096
72,8,3,1790213341
72,7,4,1779028889
72,49,2,1716538199
72,43,3,1760465703
72,15,1,1761389561
72,1,3,1788376561
72,22,2,1779096676
72,23,1,1767672253
72,41,2,1718070539
72,19,4,1766951647
72,36,5,1700582186
72,34,3,1771184297
72,60,2,1706519170
72,56,2,1774252780
72,3,2,1758090825
72,11,2,1778533572
72,32,3,1764818030
72,9,3,1768227286
72,27,2,1723783708
72,44,4,1792854201
72,17,3,1777652255
72,13,3,1723306944
72,47,4,1717231111
72,57,2,1713898777
72,26,2,1751996696
72,14,3,1788251083
72,53,2,1780603922
72,39,3,1781357521
72,33,3,1743197138
72,38,2,1767660514
72,50,2,1751628545
72,42,4,1756192230
72,4,3,1781737749
73,22,5,1715489430
73,19,3,1747276557
73,29,4,1775467972
73,52,4,1764474159
73,9,2,1778222933
73,56,4,1776589761
73,27,2,1789544328
73,39,2,1756032939
73,45,5,1790495428
73,48,1,1771659221
73,33,5,1738376603
73,20,3,1756691738
73,57,2,1701714029
73,36,2,1770159631
73,21,3,1714290224
73,47,1,1703391969
73,41,4,1751119548
73,14,5,1719505421
73,13,3,1707122263
73,43,3,1789959993
73,40,2,1707597364
73,59,5,1726830448
73,23,4,1735833216
73,55,3,1721600382
73,12,4,1738468887
73,50,5,1791723097
73,46,4,1733629729
74,51,3,1786923747
74,19,1,1749357377
74,14,2,1778971743
74,49,3,1773365441
74,35,5,1780985229
74,3,4,1726369633
74,23,2,1725970823
74,53,4,1739483865
74,29,2,1760238919
74,7,3,1723813700
74,40,3,1791624920
74,44,2,1709995059
74,48,2,1725095571
74,36,3,1723326387
74,15,2,1768967357
74,42,2,1716019397
74,47,4,1750626689
74,25,2,1705453834
74,16,2,1757513345
74,33,3,1737461811
74,59,4,1774705402
74,4,2,1735465638
74,43,2,1717457234
74,38,5,1721599504
74,27,3,1778381281
74,21,3,1734227688
74,39,1,1700757677
74,1,3,1744367386
74,17,2,1762589932
74,60,3,1720777669
74,20,1,1705360735
74,28,3,1720629718
74,37,3,1743302669
74,46,3,1780111922
74,8,4,1706825701
74,56,3,1783935292
74,54,2,1782625597
75,36,4,1732258945
75,23,4,1786203262
75,5,3,1782369566
75,51,4,1783366885
75,46,1,1732725927
75,21,4,1705352233
75,34,2,1791610492
75,15,3,1743075436
75,12,3,1751186964
75,54,4,1715216804
75,58,3,1751791391
75,33,4,1734439001
75,11,3,1772509424
75,27,1,1737960665
75,35,2,1703315946
75,56,3,1769372824
75,26,3,1750326016
75,6,3,1769029393
75,59,3,1768281335
75,53,1,1759801634
75,14,4,1765337822
75,22,3,1705885670
75,39,3,1739786693
75,24,3,1787446634
75,19,3,1725838575
75,40,3,1742991650
75,57,3,1768973779
75,31,2,1711052218
75,1,3,1712879054
75,4,2,1722467350
75,38,2,1772205759
75,52,3,1771565674
75,41,3,1700983894
76,50,2,1702267067
76,14,2,1752278055
76,56,2,1790368626
76,44,2,1715878730
76,28,4,1771784254
76,54,2,1700791740
76,7,4,1786090303
76,59,4,1782993446
76,35,1,1708487605
76,45,4,1778598977
76,48,3,1706109168
76,58,3,1794070793
76,42,2,1709742790
76,5,4,1748009699
76,57,4,1767489633
76,10,2,1714245271
76,2,3,1738901209
76,30,3,1792057075
76,22,5,1740446607
76,3,4,1781411889
76,6,4,1711610534
76,47,3,1737784631
76,4,2,1758743898
76,12,3,1751192463
76,17,4,1753031203
76,39,3,1788680762
76,15,4,1704136476
76,36,3,1763617549
76,27,4,1720981381
76,13,4,1771600831
76,34,2,1729509878
76,21,3,1718304809
76,31,4,1752478133
76,53,5,1773245898
76,11,4,1739591339
77,59,4,1790152068
77,51,4,1709041276
77,56,4,1733646722
77,47,2,1713180503
77,42,4,1726496940
77,24,3,1777926229
77,1,3,1765389589
77,36,4,1744406060
77,53,4,1747934299
77,10,3,1717208745
77,8,2,1790099765
77,3,2,1787976094
77,54,3,1731478466
77,37,3,1713427820
77,39,3,1738270459
77,26,3,1783150000
77,35,4,1709369589
77,52,2,1725970938
77,6,3,1742652506
77,20,3,1765211190
77,14,3,1760484679
77,23,3,1744069864
77,40,3,1782724080
77,27,2,1788506156
77,33,2,1741027069
77,60,1,1793074374
77,11,3,1778405961
77,12,3,1720454105
77,15,3,1775907105
77,41,4,1776082915
77,57,4,1748921480
77,9,4,1742457517
77,7,2,1757486445
77,4,3,1722634412
77,58,3,1700648524
77,22,3,1742038976
77,19,3,1733041067
77,2,1,1729732676
77,18,4,1786011893
77,32,2,1758535581
77,25,3,1737135338
77,49,3,1748249394
77,44,3,1718026223
78,29,4,1749099345
78,23,3,1752680236
78,50,3,1729971710
78,20,1,1779134873
78,32,3,1739057246
78,36,5,1717969238
78,7,2,1762371131
78,12,3,1767259613
78,42,3,1768506338
78,39,3,1712153955
78,6,2,1753255602
78,18,1,1748837208
78,9,3,1767399750
78,35,3,1701421591
78,13,2,1788943201
78,17,3,1732062038
78,41,2,1782414513
78,5,1,1791826623
78,43,2,1722259144
78,2,3,1769006257
78,33,2,1718840235
78,44,3,1759890694
78,38,3,1721370471
78,26,4,1724044459
78,14,4,1776015183
78,3,3,1775942072
78,45,2,1788504955
78,31,1,1719622504
78,10,2,1764894729
79,32,3,1781095825
79,15,2,1700885526
79,5,2,1767355419
79,17,3,1718652010
79,24,2,1759042204
79,59,5,1722227237
79,3,4,1730868838
79,43,2,1710346606
79,14,2,1769060560
79,34,3,1786366021
79,56,3,1737689614
79,25,1,1728389345
79,31,2,1720164926
79,30,1,1725086055
79,54,2,1721120146
79,46,4,1748616740
79,42,1,1780801793
79,21,3,1715882013
79,7,3,1788732634
79,51,3,1730916561
79,18,2,1755648506
79,57,2,1744322017
79,38,4,1715212062
79,35,3,1764628070
79,12,2,1790627759
79,49,4,1764265413
79,37,5,1764293132
79,50,1,1728280205
79,58,3,1779294612
79,39,3,1721642106
79,9,2,1786873663
79,13,4,1755149958
79,8,3,1703012656
79,48,2,1732704875
79,29,3,1705790734
79,36,3,1717164449
79,41,3,1776972056
79,16,3,1779503557
79,23,3,1721626387
80,58,3,1711508969
80,37,1,1729070676
80,10,3,1760291054
80,4,3,1781406527
80,11,4,1763272042
80,17,4,1764648438
80,12,1,1722893086
80,34,3,1729442512
80,26,3,1755132193
80,39,2,1780643207
80,59,3,1719154498
80,41,2,1778201440
80,2,3,1724412077
80,47,2,1783646063
80,43,4,1788536556
80,19,4,1768559074
81,22,3,1787138408
81,30,2,1757914523
81,39,2,1770067590
81,38,4,1756463253
81,5,2,1749711219
81,15,1,1705830187
81,25,4,1793636032
81,54,3,1771110769
81,9,3,1757573535
81,7,3,1730801123
81,2,2,1764709513
81,13,3,1751168696
81,34,4,1747045704
81,33,2,1779060695
81,44,3,1793510511
81,27,2,1777325627
81,10,2,1713115341
81,58,2,1757108220
81,51,2,1717969486
81,12,2,1734160831
81,31,3,1764040812
81,43,3,1731207351
81,3,2,1711249805
81,35,3,1738019408
81,47,3,1780301439
81,8,3,1772978342
81,6,2,1754847632
81,40,3,1734601998
81,52,3,1725369971
81,29,2,1700734097
81,20,4,1700954835
81,18,3,1777576121
81,45,2,1770134216
81,1,4,1715814687
81,53,4,1769761254
81,60,2,1700965569
82,52,3,1730839382
82,21,4,1759940949
82,27,2,1793859992
82,24,1,1721715773
82,7,4,1713459168
82,10,3,1728784084
82,28,2,1768228715
82,42,3,1753762374
82,38,1,1745424358
82,17,4,1773897088
82,51,3,1782413089
82,35,4,1793557461
82,54,4,1791880684
82,37,2,1706986408
82,57,3,1721573890
82,40,3,1752224611
82,18,2,1785345915
82,26,2,1700710096
82,14,2,1712225702
82,58,1,1719505652
82,36,4,1763306295
82,45,3,1780563579
82,31,2,1758435370
82,12,3,1711830043
82,46,3,1708600733
82,60,3,1735311610
82,50,2,1729765498
82,20,4,1749772648
82,23,3,1710742751
82,25,4,1781742470
82,32,3,1705067435
82,13,5,1751583363
82,39,2,1753773642
82,5,2,1782405066
82,22,3,1788070348
82,4,2,1769928180
82,48,4,1738449249
83,12,5,1778239864
83,41,1,1746720553
83,32,1,1746637316
83,29,4,1737112255
83,1,3,1730372869
83,13,3,1781384718
83,43,2,1726108729
83,52,2,1761036720
83,34,3,1754218119
83,19,4,1777162674
83,55,1,1700624307
83,3,4,1735045256
83,39,2,1723492771
83,33,4,1754644684
83,53,5,1767946127
83,45,3,1714289484
83,15,3,1774978145
83,40,4,1709715480
83,11,3,1767534222
83,49,3,1739493811
83,24,3,1745629449
83,16,5,1715704681
83,56,2,1768892172
83,42,3,1734587020
83,6,2,1772196170
83,18,3,1777160950
83,26,2,1733573422
83,23,3,1793172854
83,46,2,1759427400
83,50,3,1750610858
83,51,3,1775587210
83,7,3,1764911705
83,17,2,1732651583
83,38,3,1745588495
83,54,2,1761585593
83,47,2,1791482088
83,59,3,1761836850
83,58,4,1778762521
83,35,4,1703670948
83,10,3,1764688940
83,22,3,1715605267
84,51,3,1735622106
84,15,5,1727753358
84,44,1,1730763714
84,45,2,1727214866
84,59,4,1733513553
84,52,3,1783026670
84,21,2,1747785185
84,27,4,1720937370
84,23,1,1714319594
84,34,2,1716089818
84,35,4,1710534423
84,1,3,1790705967
84,57,2,1789043272
84,17,2,1766124358
84,16,3,1782386462
84,19,3,1700889014
84,6,3,1772675403
84,26,2,1705672460
84,22,2,1764732147
84,5,4,1749821155
84,36,3,1783304578
84,12,2,1742334540
84,31,2,1766080806
84,54,1,1777110685
84,55,2,1736874043
84,14,2,1765874779
84,18,5,1724544645
84,39,3,1768603195
84,13,3,1737616749
84,46,3,1753402482
84,24,3,1729808788
84,7,4,1777398691
84,8,3,1717212880
84,30,4,1707267644
84,28,4,1770563016
85,33,3,1790476581
85,23,3,1728286706
85,26,2,1750925964
85,56,1,1777981603
85,44,4,1713522144
85,50,2,1743679307
85,12,2,1748533442
85,30,3,1782245683
85,8,2,1734856447
85,45,2,1725119175
85,34,2,1773626933
85,53,3,1735279000
85,21,1,1731828278
85,51,2,1736159360
85,1,3,1763262903
85,46,3,1782286747
86,28,2,1718048483
86,14,1,1784644676
86,27,3,1769391501
86,45,2,1771669929
86,49,2,1742376193
86,24,2,1765313057
86,55,2,1740269906
86,26,3,1733685164
86,18,1,1775448945
86,29,3,1776213459
86,12,3,1706403434
86,37,4,1753472598
86,9,4,1713284172
86,56,2,1792683136
86,44,4,1721923376
86,15,3,1708057946
86,7,3,1728919534
86,52,2,1734130183
86,16,2,1763960038
86,36,3,1784538675
86,60,5,1712925420
86,25,3,1760378491
86,13,3,1744916840
86,10,2,1734865621
86,47,3,1748447502
86,31,3,1748359530
86,1,2,1775208908
86,50,3,1774825240
86,58,3,1734589898
86,42,3,1746189726
87,56,2,1756615250
87,44,3,1784728082
87,39,4,1782182875
87,13,3,1776723896
87,37,3,1754327674
87,60,4,1709575640
87,42,3,1710618223
87,54,3,1721743203
87,35,4,1746120632
87,12,2,1730630893
87,50,3,1742074850
87,19,4,1742530677
87,23,2,1787645934
87,21,2,1739105187
87,59,2,1735899536
87,33,2,1781253395
87,32,3,1786522692
87,29,2,1753077115
87,6,3,1736406303
87,25,4,1759713250
87,40,3,1748743159
87,49,2,1778775038
87,30,5,1769918804
87,10,3,1760436720
87,11,3,1755564671
87,22,2,1722457056
88,47,3,1770327779
88,16,2,1711173787
88,43,3,1713949034
88,17,3,1735225746
88,48,3,1782960269
88,45,2,1720840572
88,56,3,1711316066
88,6,3,1787890153
88,14,2,1752324272
88,11,3,1741523026
88,26,1,1730783635
88,7,3,1733204998
88,49,2,1738141360
88,5,3,1759479985
88,31,4,1784084814
88,36,2,1716966692
88,4,3,1717619715
88,2,3,1770698159
88,50,2,1722898616
89,56,2,1772433029
89,59,2,1730484663
89,21,4,1712019737
89,60,1,1759305486
89,31,2,1741321368
89,30,2,1749094606
89,35,4,1755325058
89,18,2,1734870711
89,36,3,1720900054
89,29,3,1740744867
89,9,3,1701416778
89,45,4,1700012394
89,54,3,1770238316
89,12,1,1718293937
89,38,4,1746155452
89,39,3,1738488577
89,55,2,1762974683
89,41,2,1771819757
89,43,2,1701116303
89,37,4,1792310921
89,28,3,1766025948
89,34,3,1764030858
89,48,3,1740213043
89,20,1,1701225756
89,23,3,1757772049
89,57,5,1739315407
90,24,3,1785482292
90,13,4,1761115104
90,27,4,1782910238
90,57,3,1760769389
90,36,3,1736525224
90,28,3,1794015840
90,26,3,1783584597
90,16,2,1766034587
90,11,2,1725204672
90,46,5,1743036072
90,48,2,1702603206
90,42,3,1720421134
90,25,3,1706661503
90,50,1,1771802559
90,15,4,1702970357
90,17,1,1724956121
90,6,3,1713726915
90,55,4,1737864772
90,41,2,1736130759
90,53,4,1716782477
90,34,4,1758843284
90,18,2,1701101134
90,19,3,1731247296
90,35,5,1712106034
90,39,4,1720224423
90,58,2,1701976335
90,59,5,1766247126
90,5,3,1729150491
90,12,3,1745890766
90,33,3,1756404064
90,10,3,1741819114
90,4,4,1766893545
91,3,3,1733999060
91,22,2,1764589542
91,6,4,1785700705
91,54,2,1740106013
91,49,2,1726672234
91,10,3,1748375646
91,4,5,1706991067
91,18,3,1789482259
91,50,3,1729231043
91,26,3,1715157001
91,5,2,1731670798
91,35,3,1784947603
91,31,1,1758272190
91,12,2,1743555463
91,13,3,1702022353
91,17,2,1722462726
91,25,3,1737057520
91,1,4,1778476684
91,8,4,1716059096
91,16,4,1753124490
91,44,3,1732626898
91,29,4,1701198544
91,41,2,1705636254
91,60,2,1777990837
91,46,4,1792711085
91,30,2,1763789750
91,7,2,1792396361
91,14,4,1780022258
91,48,4,1720802666
91,36,4,1749848284
91,59,3,1712009789
91,55,2,1733382936
91,11,3,1721165928
91,58,3,1767098020
91,21,2,1712267708
91,24,3,1792065931
91,2,2,1783033107
91,53,2,1745422244
91,45,2,1783903841
91,57,2,1708060088
92,45,4,1733647879
92,35,1,1705300062
92,51,3,1765136149
92,7,2,1758720256
92,9,4,1775031037
92,32,2,1739555923
92,15,2,1772844534
92,21,3,1793554826
92,36,4,1765779034
92,58,2,1725471281
92,42,3,1776061419
92,49,2,1725048615
92,23,2,1772963514
92,29,2,1746662763
92,13,3,1743443711
92,2,1,1762866875
92,25,3,1736953423
92,48,3,1780353461
92,56,3,1774426456
93,29,2,1743042832
93,19,3,1708501586
93,53,2,1788354109
93,17,2,1772337519
93,35,2,1752008140
93,24,4,1725483846
93,30,1,1770339453
93,1,2,1791700797
93,50,3,1766779917
93,41,3,1774016756
93,33,4,1720687181
93,25,3,1782280734
93,47,3,1738000942
93,12,2,1743298644
93,2,2,1755003032
93,40,2,1786020669
93,55,2,1743221337
93,45,4,1714826245
93,16,3,1712919301
94,9,2,1709447334
94,12,2,1740789378
94,56,4,1710460308
94,3,3,1728977615
94,13,5,1769724133
94,7,3,1713035125
94,32,3,1713586205
94,58,4,1731006711
94,55,3,1771358338
94,57,2,1751718263
94,37,4,1725428946
94,42,3,1725920053
94,25,4,1770624297
94,43,1,1788164473
94,54,2,1733388408
94,34,4,1776507818
94,40,3,1783929707
94,38,4,1724011268
94,17,4,1774950330
94,4,2,1774912498
94,24,1,1755725133
94,15,3,1714161873
94,5,5,1785714702
94,1,2,1777385064
94,14,2,1748045029
94,46,2,1790528859
94,6,5,1761568435
94,30,4,1794294720
94,41,4,1789287317
94,59,4,1757321034
94,18,4,1713972387
94,44,1,1722388767
94,36,5,1724212413
94,27,3,1773815115
94,31,3,1753896091
94,23,2,1767738718
94,2,3,1745300210
94,20,2,1788252435
94,60,2,1721230084
94,49,2,1771658908
94,29,2,1780519326
95,21,4,1712655004
95,36,2,1705064880
95,60,4,1761789789
95,55,3,1747735307
95,24,2,1720952341
95,27,2,1718576833
95,49,2,1735566111
95,41,5,1749269031
95,28,3,1778135616
95,47,2,1733535226
95,58,3,1731271945
95,39,2,1734392465
95,16,3,1740305910
95,37,4,1712335296
95,35,2,1776569490
95,14,2,1753660012
95,25,2,1776378602
95,59,3,1729183937
95,17,3,1710361818
95,56,2,1743579429
95,29,3,1764764506
95,40,1,1723206579
95,26,3,1765535348
95,1,2,1792555887
95,3,2,1794334647
95,19,2,1777340611
95,2,2,1712799546
95,9,4,1779890579
95,20,2,1786201956
95,51,1,1740318100
95,10,1,1705015930
95,8,2,1777347488
95,7,3,1751210252
95,11,2,1710533057
95,31,2,1707505818
95,44,2,1744881018
95,23,3,1746698401
95,33,2,1758291349
95,18,3,1755904597
95,42,4,1716178675
95,22,1,1730429530
95,46,4,1787614538
95,5,3,1780839556
96,25,4,1753578549
96,4,5,1735239935
96,20,1,1711419108
96,34,4,1753489393
96,3,2,1767353558
96,21,3,1758316409
96,35,2,1793666595
96,37,2,1717498659
96,10,2,1718102047
96,55,3,1764548325
96,33,3,1775067462
96,45,4,1726589676
96,15,3,1765479608
96,52,2,1753058791
96,59,2,1787543303
96,44,3,1776682706
96,26,2,1726320002
96,29,3,1775318641
96,39,2,1782677695
96,53,3,1770363346
96,50,3,1733050557
96,6,4,1732522981
96,48,2,1709615892
96,28,3,1735736421
96,19,4,1757722445
96,49,3,1743407575
96,47,2,1791903974
96,9,3,1777311859
96,22,2,1712025190
96,56,2,1715103503
96,16,2,1790160430
96,36,4,1755510043
96,24,2,1756846657
96,2,3,1749025393
96,18,4,1746749089
97,42,4,1772209870
97,2,3,1728437423
97,50,2,1727353754
97,20,2,1773339816
97,11,4,1770231557
97,23,3,1734716489
97,40,3,1773658696
97,53,2,1764830696
97,52,4,1783623280
97,29,1,1718971329
97,54,2,1793290869
97,10,3,1793785339
97,51,2,1789692417
97,3,3,1702468064
97,15,2,1750547291
97,13,3,1778249598
97,44,2,1789057266
97,24,2,1770705777
97,49,1,1705836056
97,6,2,1734286770
97,8,1,1722859916
97,4,3,1708067834
97,16,3,1738119652
97,60,4,1726936968
97,19,3,1793486229
97,1,2,1782941828
97,22,4,1736410780
97,58,3,1707124981
97,57,2,1762405984
97,46,4,1787880113
97,38,2,1701118594
97,35,2,1708938604
97,56,2,1752163068
97,7,2,1788633740
98,43,2,1783992429
98,24,5,1734585138
98,56,4,1751965156
98,7,3,1703954845
98,2,2,1774482698
98,19,1,1737606981
98,42,3,1730277197
98,25,2,1720361927
98,15,2,1745873760
98,53,1,1752726977
98,33,5,1788171888
98,46,3,1718422816
98,57,5,1711783647
98,21,3,1751298971
98,32,2,1769889565
98,39,3,1790998934
98,35,3,1782201431
98,6,3,1783956490
98,12,3,1792143599
98,13,4,1730524866
98,50,3,1756013532
98,30,1,1732260681
98,36,3,1776893142
98,58,2,1720501644
98,3,2,1757239162
98,16,2,1741927304
98,34,4,1781251236
98,20,3,1744195849
98,22,3,1760286467
98,44,2,1772777382
98,41,2,1717686156
98,59,2,1727750491
98,60,2,1787573396
98,1,3,1718599426
98,54,2,1777984620
98,49,3,1772659280
98,26,2,1791811453
98,29,1,1727153619
98,47,2,1718536762
98,10,2,1741473062
98,8,5,1792413212
98,17,4,1770303981
98,9,1,1718153282
98,37,3,1757722252
99,11,3,1763598657
99,21,4,1718456645
99,5,2,1721983035
99,36,4,1725938895
99,35,3,1730369856
99,47,1,1704325777
99,8,1,1754839908
99,12,2,1702015179
99,59,3,1736219821
99,10,3,1755437830
99,55,1,1729870720
99,2,3,1790105606
99,52,3,1727223861
99,27,3,1727455861
99,50,2,1708876667
99,20,3,1723767033
99,29,5,1758959861
99,41,1,1782820305
99,18,2,1765759022
99,51,4,1792323369
99,13,4,1743606752
99,7,3,1761410640
99,9,2,1733122766
99,53,1,1757385552
99,49,2,1754340297
99,42,3,1705613827
99,15,2,1781594977
99,34,2,1751052956
99,33,3,1741996390
99,22,2,1752902012
99,1,3,1782074794
99,37,2,1776763742
99,3,2,1779699265
99,23,3,1771962094
99,25,4,1770495248
99,16,3,1786086421
99,58,3,1794504386
99,17,4,1705168989
99,45,2,1769880338
99,26,3,1714672184
99,44,2,1760614013
99,6,3,1761324136
99,40,5,1705692967
99,48,1,1732980201
100,36,3,1782293489
100,25,3,1707321129
100,34,2,1792603918
100,49,5,1769386491
100,41,2,1719091078
100,4,3,1762220513
100,13,3,1786718276
100,19,3,1760625891
100,29,2,1712138759
100,26,3,1767197151
100,20,2,1715189633
100,53,2,1724128507
100,30,3,1778577462
100,11,1,1793430858
100,28,4,1773337520
100,57,4,1718160554
101,2,4,1722935793
101,12,3,1744988861
101,30,4,1775898994
101,38,2,1788520663
101,46,5,1720144703
101,13,3,1721759927
101,58,4,1719408873
101,6,2,1724007090
101,17,4,1706886777
101,21,3,1756315301
101,45,3,1741347409
101,42,4,1741542843
101,56,2,1759895766
101,11,3,1738759467
101,48,2,1784081078
101,8,1,1724252610
101,53,2,1715777827
101,50,2,1717659164
101,29,3,1727226295
101,41,2,1700474177
101,24,3,1783558632
101,44,1,1733971980
101,34,3,1701638498
101,25,2,1761557975
101,33,3,1766790446
101,47,2,1766926628
101,37,4,1772947490
101,57,2,1700771825
101,3,3,1781602221
102,43,3,1738168910
102,31,3,1782019078
102,30,4,1788707799
102,27,3,1792813386
102,29,3,1793931849
102,6,3,1779855385
102,39,4,1776810468
102,54,3,1775454146
102,1,2,1723812810
102,16,3,1761114408
102,36,1,1777707540
102,18,3,1748343701
102,40,3,1704810369
102,41,2,1712499198
102,50,2,1740170625
102,14,2,1743328415
102,4,2,1749468550
102,12,2,1750860378
102,10,3,1709082067
102,44,3,1757354434
102,23,2,1773882978
102,3,3,1708714202
102,42,3,1739303341
102,53,4,1763191967
102,20,3,1718058430
102,22,3,1716377680
102,55,4,1793230242
102,47,2,1736831833
102,7,4,1744185620
102,45,3,1770739820
102,34,1,1755533646
102,58,3,1770416822
102,35,2,1728164968
103,37,3,1783650413
103,47,2,1747493391
103,41,2,1717409802
103,34,1,1782448605
103,6,3,1775515502
103,31,2,1766625267
103,59,5,1769753731
103,45,3,1784806492
103,39,2,1766805681
103,51,3,1766102828
103,46,4,1724146739
103,19,3,1781793056
103,28,1,1731235369
103,52,2,1738988647
103,21,4,1725978571
103,17,3,1700212187
103,57,3,1715865493
103,60,2,1703219453
104,48,2,1709104802
104,55,2,1741308532
104,14,2,1740303435
104,52,3,1768006730
104,40,2,1773818891
104,27,1,1743476321
104,59,2,1700822924
104,3,2,1715278911
104,22,1,1792051321
104,23,3,1744732472
104,36,4,1745816776
104,41,3,1753156840
104,58,3,1776359356
104,1,2,1782677226
104,49,3,1703908068
104,13,3,1723572537
104,19,3,1726040330
104,17,3,1744360949
105,59,1,1704183991
105,31,2,1745520266
105,52,4,1750363964
105,3,2,1784088862
105,42,2,1771708931
105,9,2,1722276047
105,60,3,1776635858
105,10,1,1781294213
105,41,4,1752286700
105,30,3,1725149571
105,35,2,1779885300
105,22,1,1715682621
105,51,3,1741376831
105,27,3,1742211394
105,4,3,1704245067
105,34,3,1736439766
105,20,3,1755548633
105,37,2,1711649801
105,21,3,1766713516
105,36,3,1731895802
105,50,3,1749873103
105,2,2,1760653840
105,14,3,1740618137
105,43,3,1729009803
105,49,4,1770477785
105,23,2,1740576475
105,5,3,1723489813
105,53,4,1715063426
105,18,2,1750226379
105,47,1,1705019076
106,33,1,1762663022
106,2,4,1706192775
106,52,2,1713838227
106,31,2,1769870757
106,60,3,1788447373
106,10,3,1741940463
106,13,3,1703017249
106,22,3,1777518768
106,57,3,1741895110
106,47,3,1785745109
106,34,2,1728165011
106,20,2,1743067834
106,21,4,1726918105
106,55,3,1725843038
106,7,3,1738462422
106,50,3,1737131272
106,44,2,1771440849
106,9,4,1742835559
106,14,3,1759205536
106,3,3,1790076744
106,30,5,1715790828
106,25,1,1736595028
106,45,3,1720041488
106,8,2,1721138757
106,1,3,1736726921
106,49,2,1715362614
106,41,4,1702047721
106,6,5,1783610257
106,53,3,1775111698
107,36,3,1752602177
107,21,2,1724022690
107,18,3,1794580225
107,10,3,1780010054
107,46,4,1779558393
107,52,2,1784486125
107,19,3,1792626995
107,37,1,1793867248
107,16,3,1759839130
107,11,4,1782720444
107,5,3,1747731087
107,20,4,1741935074
107,40,3,1744604858
107,22,3,1726594858
107,35,3,1790042682
107,29,4,1771603135
107,4,2,1710542212
107,9,4,1762504573
107,2,3,1776207390
107,31,3,1717689263
107,44,2,1712470997
107,7,4,1793764425
107,25,3,1762850928
107,48,2,1713054418
107,6,5,1761147472
107,28,3,1741660066
108,31,4,1754450250
108,15,4,1714358786
108,59,3,1743737494
108,10,3,1774645170
108,56,3,1787167893
108,40,3,1709519256
108,17,3,1740549608
108,24,2,1771503899
108,26,3,1761870997
108,12,5,1753796676
108,45,4,1779260394
108,43,2,1755491233
108,22,2,1732021033
108,21,3,1783332410
108,30,3,1732707660
108,32,4,1773544472
108,2,2,1721343341
108,5,2,1764743230
108,60,3,1751514973
108,8,3,1708866414
108,23,4,1745729880
108,42,2,1727949250
108,46,4,1793155137
108,11,4,1779318677
108,19,3,1757867771
108,55,3,1758432185
108,9,3,1776129797
108,33,4,1745929418
108,7,2,1773085160
109,5,3,1752342586
109,48,3,1782620697
109,46,4,1777568641
109,37,1,1760016768
109,54,3,1726261929
109,32,1,1727603443
109,8,3,1791471634
109,38,3,1742493026
109,39,2,1740229795
109,30,2,1776541203
109,21,2,1791208855
109,36,5,1740876026
109,7,2,1758348074
109,29,5,1746206415
109,12,3,1711983952
109,20,4,1778212291
109,26,2,1701089747
109,60,4,1782072899
109,52,2,1768507933
109,59,3,1754250458
109,42,3,1717120235
109,25,4,1739484797
109,50,2,1708376603
109,55,4,1749556257
109,4,2,1773670115
109,6,3,1707130627
109,14,3,1700113187
109,9,4,1794402592
109,1,3,1775165988
109,40,4,1748216998
109,43,2,1714723458
109,22,3,1737877483
109,51,4,1704185545
109,15,4,1731573535
109,18,2,1757943873
109,10,2,1794250625
110,25,5,1757137046
110,26,4,1783650995
110,60,3,1724131995
110,28,3,1760987778
110,35,5,1768372512
110,14,3,1756925051
110,43,2,1774094900
110,12,1,1760404120
110,31,3,1751635535
110,9,4,1747688529
110,13,4,1730298433
110,36,4,1724936450
110,58,2,1757011913
110,24,2,1781144449
110,27,3,1700997236
110,10,3,1777569592
110,19,1,1766861495
110,54,4,1731776042
110,51,4,1767340900
110,42,5,1736138183
110,1,1,1755141717
110,5,1,1773305194
110,2,4,1777356703
110,45,4,1749253883
110,32,5,1704491176
110,57,4,1705082158
110,41,2,1776255745
110,6,2,1764863150
110,34,3,1794607733
110,21,2,1749469782
110,59,4,1715188664
110,55,2,1777882357
110,56,4,1764630252
110,15,3,1792676974
110,30,4,1710745888
110,23,2,1719070658
110,20,2,1770653292
111,34,3,1707083242
111,57,2,1746109986
111,40,2,1771810948
111,6,4,1701447323
111,16,2,1762930506
111,31,1,1760939515
111,41,3,1768808477
111,48,2,1762979305
111,43,3,1777036318
111,52,1,1744495054
111,5,1,1756507825
111,44,3,1747367387
111,54,2,1739542951
111,35,4,1738816900
111,38,3,1722482565
111,20,3,1704741407
111,58,3,1793288187
112,37,4,1724267798
112,17,2,1770784933
112,4,3,1704441335
112,41,5,1746016278
112,31,4,1711328172
112,38,1,1719470999
112,11,3,1779932574
112,60,2,1720689702
112,58,2,1766565050
112,43,3,1755424925
112,19,2,1751427803
112,48,5,1731936764
112,40,3,1788673262
112,2,3,1759080631
112,50,4,1785573823
112,32,3,1722452379
112,6,2,1728300713
112,9,2,1777545284
112,33,2,1746315279
112,5,3,1707291483
112,18,4,1786202825
112,59,3,1735486562
112,51,2,1715568500
112,49,2,1707049544
112,53,2,1722494944
112,39,4,1762279029
112,1,3,1753518621
112,8,3,1763918769
112,12,3,1740448811
112,30,5,1763923372
112,46,3,1771473736
112,24,3,1731361490
112,57,3,1750975999
112,22,3,1791739153
112,15,2,1752354374
112,45,4,1763698335
112,44,1,1735248951
112,55,3,1719481680
112,42,2,1771194737
112,16,2,1758349054
113,25,4,1790301937
113,44,2,1701137651
113,21,2,1709120357
113,34,4,1701605433
113,59,3,1755196875
113,3,2,1713112905
113,7,2,1770499776
113,35,3,1713946199
113,41,4,1792006192
113,23,3,1759853349
113,28,2,1747179735
113,40,2,1729449560
113,42,2,1738023482
113,18,4,1733808923
113,22,3,1725914696
113,47,1,1704569008
113,45,4,1703181023
113,54,4,1783134088
113,17,3,1712340150
113,38,3,1707634560
113,26,3,1779743930
113,30,3,1788128100
113,16,3,1729101720
113,13,3,1780448089
113,57,2,1785642035
113,46,4,1716346394
113,12,4,1716103055
113,58,3,1711594582
113,1,2,1781159552
114,58,1,1723950102
114,42,3,1786635285
114,37,3,1766042812
114,52,2,1714553291
114,12,2,1719310253
114,8,4,1772562419
114,45,4,1757881875
114,56,2,1729311339
114,17,4,1782405160
114,19,2,1786347387
114,30,3,1714260594
114,43,2,1759268093
114,5,2,1734761889
114,41,2,1713862962
114,50,2,1704678950
114,18,2,1709787090
114,28,1,1709450582
114,49,4,1776684568
114,21,3,1733634472
114,57,3,1759845276
114,11,4,1702518567
114,48,2,1766800348
114,54,4,1719978882
114,4,4,1787626101
114,25,5,1785944345
114,36,4,1700116452
114,22,3,1705078212
114,60,1,1789201885
114,47,2,1752409851
114,31,2,1735760499
114,27,2,1720348410
114,9,2,1793959818
114,6,2,1744269149
114,15,2,1752523472
114,3,2,1777126909
114,16,2,1700497109
114,7,2,1769173535
114,20,2,1765857881
114,13,4,1764174787
115,50,1,1784639988
115,52,3,1792454886
115,51,3,1748219211
115,5,2,1765297400
115,35,2,1711390049
115,15,2,1784931806
115,1,2,1758785183
115,25,3,1725429494
115,45,2,1718782825
115,60,3,1704791343
115,31,4,1725916466
115,8,3,1703404379
115,37,1,1779583788
115,56,3,1732008932
115,23,2,1765663681
115,22,3,1752179495
115,44,2,1708454727
115,20,3,1772551667
115,26,4,1786356711
115,4,3,1741302939
115,6,2,1767066471
115,24,4,1771664219
115,47,2,1760305001
115,59,3,1702203625
115,40,2,1704971784
115,30,4,1745538076
115,19,2,1707523501
115,13,2,1745327823
115,12,1,1705746469
115,18,3,1754426343
115,2,4,1715862805
115,33,4,1728410963
115,48,2,1787758252
115,7,3,1789565693
115,10,2,1770211929
115,46,4,1761521428
115,29,1,1791010064
115,41,3,1772016051
116,60,3,1782037350
116,5,2,1722909541
116,3,3,1779328380
116,48,5,1708584245
116,10,2,1714271532
116,32,3,1715324937
116,42,1,1766725470
116,2,3,1779856515
116,31,4,1782628262
116,40,3,1729604743
116,58,2,1708470495
116,16,4,1727198033
116,45,4,1757205134
116,54,1,1745277425
116,9,2,1791053016
116,1,5,1753956682
116,12,4,1743518077
116,41,2,1716213828
116,4,3,1791816788
116,20,5,1777304983
116,7,5,1773267417
116,30,3,1718432040
117,49,2,1713417457
117,3,2,1784851724
117,38,2,1782200507
117,12,4,1750483455
117,22,3,1721173338
117,5,3,1702097866
117,8,3,1765359668
117,18,3,1710834405
117,10,3,1700852226
117,60,3,1700969588
117,27,3,1724080385
117,11,2,1711964334
117,45,2,1787477181
117,24,3,1779689161
117,36,1,1738081803
117,51,3,1755864403
117,29,4,1793080467
117,16,1,1763889312
117,58,2,1792926762
117,59,3,1717031212
117,9,2,1727670356
118,29,2,1788493393
118,27,1,1727931877
118,16,3,1737101348
118,12,2,1707122803
118,40,1,1726000523
118,45,5,1715123535
118,3,3,1720027622
118,39,2,1791971859
118,57,4,1763674613
118,46,3,1766775311
118,32,3,1723665782
118,56,4,1721442569
118,6,2,1789945021
118,41,5,1705786878
118,20,3,1707251463
118,23,3,1786551756
118,59,3,1748881166
118,1,3,1738260712
118,36,3,1728130660
118,58,2,1758340640
118,13,3,1733739891
118,8,2,1744868265
118,34,4,1782788091
118,7,3,1760820445
118,24,4,1705813974
118,35,2,1714015162
118,33,2,1707040602
118,15,1,1772123324
118,30,2,1723607235
118,25,3,1721212522
118,21,3,1703901068
119,58,3,1731825487
119,16,4,1755377624
119,47,4,1726837617
119,29,4,1750403103
119,38,3,1729616854
119,56,3,1709868991
119,21,3,1763215242
119,27,3,1778529753
119,13,3,1765016103
119,48,3,1707293304
119,44,2,1758500818
119,54,2,1719453688
119,15,3,1729013196
119,8,4,1781796786
119,49,4,1761067841
119,51,3,1723898911
119,7,2,1751986593
120,13,2,1733105363
120,41,3,1733263373
120,23,1,1743928918
120,18,2,1758283876
120,60,2,1777774748
120,22,2,1729850909
120,9,4,1779426243
120,3,3,1719994374
120,45,3,1777000815
120,37,3,1700681501
120,4,2,1756072388
120,57,2,1705935671
120,54,3,1705376584
120,8,3,1763169926
120,30,1,1767674770
120,46,3,1704512474
120,27,1,1757136170
120,11,2,1771285951
120,55,4,1752924755
120,15,2,1764326441
120,19,3,1793503250
120,39,3,1713153230
120,43,1,1760725652
120,38,3,1766476033
120,36,4,1732280906
120,59,2,1711152355
120,6,2,1774958851
120,44,5,1701667385
120,32,3,1793034338
120,28,3,1754575354
120,7,2,1729260335
120,40,3,1717812303
120,16,2,1748104396
120,33,3,1739700319
120,35,2,1732086411
120,48,4,1786924795
120,1,2,1712177508
120,14,2,1702138110
121,46,2,1709489004
121,30,2,1751657620
121,55,3,1792710981
121,37,3,1744681905
121,48,3,1771258920
121,38,2,1704390822
121,2,3,1739807633
121,59,4,1757163632
121,53,3,1736210517
121,50,3,1793691353
121,9,3,1782208524
121,60,3,1772804407
121,26,2,1777205978
121,12,1,1727802722
121,24,3,1791894205
121,41,5,1710866138
121,52,2,1783276088
121,45,4,1745056176
121,1,3,1707356698
121,43,3,1769086760
122,24,3,1791298487
122,30,2,1756764586
122,40,3,1737197817
122,3,4,1707309497
122,60,4,1708505267
122,56,3,1750038218
122,12,3,1746335527
122,42,4,1760721529
122,36,2,1765260270
122,46,4,1767303492
122,5,4,1770690141
122,52,2,1716469781
122,51,2,1763104323
122,14,2,1771391010
122,9,5,1791040997
122,22,4,1771518649
122,16,3,1739227057
122,35,3,1760663511
122,8,3,1783342668
122,31,3,1749411699
122,38,4,1790369665
122,47,3,1793042827
122,15,5,1708808386
122,21,4,1725280389
122,23,3,1761454824
122,18,4,1711718382
122,33,3,1710760289
123,5,3,1725375292
123,7,3,1708448940
123,11,4,1702957704
123,18,3,1731182544
123,8,2,1769742280
123,45,2,1786526415
123,10,3,1745080697
123,32,3,1755256328
123,54,2,1777672417
123,14,3,1746008827
123,34,5,1788014684
123,41,3,1786711527
123,2,2,1743796105
123,19,4,1765249732
123,27,3,1779639062
123,44,3,1789369591
123,35,3,1793531446
123,9,4,1771157706
123,31,2,1773614224
123,23,1,1759761289
123,46,1,1761472671
123,29,3,1740813240
123,48,2,1776135229
123,47,3,1717710599
124,15,4,1705523254
124,31,5,1742496800
124,24,4,1777111463
124,19,4,1716974987
124,50,2,1759175071
124,55,3,1734951262
124,4,4,1749616555
124,10,1,1724762712
124,23,2,1727535486
124,57,2,1775495759
124,30,3,1704655890
124,11,3,1789329049
124,40,3,1742539471
124,49,2,1746150365
124,46,1,1719856736
124,35,3,1750051795
124,51,2,1760187134
124,12,2,1772459667
124,43,3,1721823481
124,53,4,1771624345
124,47,2,1740474667
124,16,2,1716306114
124,8,2,1703345404
125,10,2,1726192555
125,30,3,1778306842
125,21,3,1770656754
125,60,3,1729815643
125,1,3,1737302753
125,48,3,1726268513
125,35,2,1703026428
125,33,2,1711219199
125,22,1,1772264474
125,42,4,1759788371
125,46,3,1790873909
125,19,1,1790134958
125,31,2,1711727533
125,49,3,1768690958
125,37,3,1752938641
125,43,2,1726098642
125,57,2,1765829146
125,50,1,1742648731
125,29,4,1780956358
125,52,5,1781212170
125,8,3,1768659862
125,55,2,1707522583
125,3,3,1789491869
125,9,2,1748461306
125,36,3,1753359331
125,40,3,1719856967
125,20,3,1757396933
125,2,2,1749610894
125,26,2,1751823158
125,34,3,1750040550
125,27,3,1701636220
125,54,2,1738205125
125,15,3,1746294407
125,12,2,1747158074
125,38,2,1741350514
125,11,3,1759804203
125,53,1,1775300576
125,39,3,1711757289
125,58,1,1728950113
126,52,3,1774600071
126,29,2,1762024691
126,19,2,1776224438
126,11,4,1718378036
126,60,2,1726743897
126,47,2,1724965358
126,28,2,1751240239
126,55,3,1738851088
126,27,2,1774338760
126,9,3,1765845287
126,38,2,1705668405
126,39,3,1740532800
126,6,3,1778545322
126,10,3,1740790697
126,14,3,1766317044
126,20,3,1775065432
126,31,2,1762203452
126,34,2,1730134594
126,22,2,1703602405
126,5,2,1700328387
126,50,3,1720672747
126,25,2,1735255913
126,48,3,1740288055
126,1,3,1785973864
126,56,1,1785437748
126,18,2,1763423402
126,36,5,1716666744
126,12,2,1787753291
127,32,4,1792061662
127,59,4,1763893102
127,45,2,1793179999
127,42,3,1716050250
127,16,3,1750090353
127,2,3,1768790057
127,8,3,1777210585
127,49,2,1702354860
127,18,4,1734834491
127,60,2,1721856985
127,5,1,1778068345
127,39,3,1707853132
127,48,2,1719614192
127,24,2,1742906872
127,38,2,1761880273
127,31,2,1793050875
127,37,3,1718186152
127,28,2,1747967465
127,17,3,1721918943
127,41,4,1707098551
128,59,3,1713746292
128,23,2,1729242850
128,4,3,1720744009
128,19,3,1767562908
128,57,3,1729677351
128,34,2,1725288872
128,41,2,1774981433
128,5,3,1782332960
128,33,1,1792563635
128,13,2,1770551927
128,50,2,1771416669
128,54,3,1773969111
128,12,3,1794256397
128,7,2,1715296356
128,39,3,1756015266
128,11,2,1761806103
128,35,3,1710254278
128,21,3,1715645176
128,43,1,1717613681
128,20,4,1702332623
128,18,3,1764359847
128,24,3,1746735943
128,47,2,1741818682
128,44,2,1792751255
128,60,3,1748663129
128,10,2,1718658140
128,1,3,1759315901
128,9,5,1780215042
128,56,2,1770212126
128,48,2,1745908520
128,25,4,1723113253
128,16,1,1740894029
128,14,3,1703860039
128,45,2,1715917805
128,6,2,1729844365
129,45,2,1788555359
129,15,2,1768918010
129,20,2,1779614758
129,9,2,1707954445
129,14,3,1762959166
129,57,3,1715961469
129,6,3,1733958759
129,28,4,1705809144
129,60,2,1708891570
129,49,3,1740486214
129,8,3,1789601933
129,5,3,1701378737
129,2,2,1712952493
129,31,3,1716615289
129,53,2,1780771151
129,3,3,1727568480
129,13,3,1778866745
129,7,3,1726846824
129,52,1,1724800996
130,55,2,1729124988
130,48,3,1725709072
130,18,4,1737830178
130,38,2,1723055043
130,23,2,1772091897
130,56,2,1700581018
130,11,3,1713245372
130,33,1,1728724658
130,50,2,1767671943
130,47,4,1763715236
130,40,3,1749185834
130,16,4,1793701812
130,53,4,1779105321
130,37,4,1724847161
130,5,2,1759010948
130,7,2,1790399088
130,57,3,1714404851
130,1,3,1724273079
130,34,3,1747623448
131,15,3,1725338291
131,27,3,1709342782
131,8,2,1763844258
131,49,2,1791151434
131,21,4,1749317149
131,58,2,1724064874
131,30,5,1701716086
131,55,3,1790484077
131,34,3,1765987927
131,9,1,1790207128
131,32,4,1714115931
131,57,2,1753199848
131,24,1,1758795196
131,46,4,1770150556
131,19,3,1788388851
131,36,2,1790800798
131,3,3,1711409300
131,6,2,1716001148
131,56,2,1719242468
131,50,3,1752990697
131,53,3,1753770881
131,25,4,1793286302
131,47,4,1779263249
131,54,3,1713652916
131,20,3,1722645646
131,29,3,1708685284
131,60,2,1748816328
131,59,3,1726720922
131,38,3,1745450370
131,28,3,1726878911
131,14,2,1779854290
132,28,4,1781145880
132,47,4,1791161266
132,32,3,1743883276
132,18,4,1720499966
132,49,3,1740634767
132,46,4,1783478965
132,50,3,1783648866
132,38,3,1712929680
132,53,1,1710269972
132,57,2,1788728736
132,56,2,1769786361
132,42,3,1766060289
132,26,3,1762548391
132,23,2,1727102821
132,31,1,1739401349
132,43,2,1788864649
132,39,3,1766826878
132,48,3,1765800289
132,58,4,1767752405
132,33,2,1735120118
132,51,2,1772804811
132,10,3,1746119311
132,30,2,1772548572
132,7,5,1773366099
132,8,3,1702371679
132,17,2,1704241081
132,54,2,1757768169
132,34,2,1715989909
132,15,4,1751489930
132,21,3,1760413482
132,5,4,1742219420
132,1,2,1750511038
132,4,4,1759398880
132,24,2,1761694016
132,2,4,1704829304
132,3,3,1704410367
132,16,4,1723738978
132,22,4,1774714519
132,29,2,1788504649
132,6,5,1740673953
132,13,5,1722031067
133,46,2,1782804241
133,25,3,1790796653
133,32,4,1747347151
133,49,2,1738176560
133,8,3,1743014471
133,37,3,1708244186
133,44,4,1703777824
133,58,3,1779250658
133,43,3,1706055696
133,36,2,1717206452
133,54,3,1749178730
133,35,5,1746825449
133,55,5,1778378721
133,31,2,1703610435
133,47,3,1783906615
133,51,1,1745802675
133,11,3,1751079694
133,33,2,1713066102
133,4,4,1757465077
133,26,2,1746324312
133,17,1,1747964863
133,53,3,1755288255
133,38,2,1747146562
133,59,3,1707576489
134,20,2,1745092789
134,38,2,1766670159
134,6,1,1767480448
134,45,2,1789575241
134,5,4,1745572210
134,60,3,1722364326
134,8,3,1782520800
134,22,4,1740201014
134,11,4,1748765904
134,2,3,1758517739
134,35,1,1727079584
134,21,4,1766699729
134,3,2,1785287876
134,30,3,1710109437
134,43,2,1771918425
134,28,3,1728733345
134,37,2,1738568210
134,33,3,1735588515
134,27,2,1706379551
134,18,3,1739905650
134,51,2,1776976644
134,31,3,1753959197
134,59,3,1730317902
134,40,3,1783828673
134,49,2,1712342371
134,25,2,1777603784
134,50,4,1712714930
134,36,1,1779438729
134,7,2,1745209639
134,26,3,1736690420
134,16,2,1709028796
134,4,2,1776024718
134,23,2,1771278157
134,53,2,1763789440
134,32,4,1757325182
135,42,4,1790135290
135,53,3,1773492593
135,20,1,1724239835
135,33,3,1702496895
135,52,1,1784267786
135,58,2,1794399575
135,28,3,1769286427
135,43,3,1725036832
135,35,2,1777422596
135,21,2,1767001977
135,13,2,1728582041
135,27,3,1788691908
135,26,4,1762719315
135,17,1,1735961754
135,40,3,1785621026
135,57,3,1771500378
135,30,2,1782466364
136,41,4,1758536768
136,4,4,1756642448
136,34,2,1786828407
136,13,3,1704966557
136,24,2,1727110707
136,30,4,1721388734
136,10,4,1736602780
136,16,4,1718311409
136,54,2,1703911355
136,48,3,1734681437
136,44,3,1737281925
136,49,3,1788405286
136,20,4,1773914523
136,28,2,1723620336
136,27,3,1786475652
136,21,5,1705668332
136,5,2,1765208604
136,60,3,1702672106
136,14,2,1707425900
136,46,2,1711264832
136,18,3,1742131585
136,19,3,1780745350
136,11,3,1739994087
136,17,3,1708533790
136,53,3,1754627534
136,26,2,1748779318
136,36,1,1790150299
136,8,2,1788238841
136,52,3,1712120705
136,7,4,1753270351
136,1,2,1718865664
136,33,1,1731680907
136,35,2,1715023307
136,43,2,1776634749
136,32,3,1767142220
136,15,2,1716192377
136,58,4,1770055957
136,40,2,1789149714
137,57,3,1756878965
137,6,4,1763733841
137,16,3,1791635603
137,39,2,1733064092
137,8,3,1737276794
137,50,3,1719449696
137,52,2,1748720768
137,21,3,1763783187
137,22,2,1749357131
137,38,4,1741362065
137,48,3,1702828532
137,25,2,1786623797
137,55,3,1781311077
137,58,2,1704672042
137,28,4,1788882124
137,14,5,1707337997
137,10,1,1792701829
137,7,2,1790140437
137,12,5,1732168745
137,45,4,1733954789
137,18,4,1774185883
137,29,3,1751632246
137,27,2,1741509315
137,17,3,1785758290
137,4,2,1794035195
137,32,3,1748701586
137,24,5,1791972475
137,56,3,1716381779
137,53,3,1771794497
137,40,1,1731726640
138,26,4,1753775923
138,59,3,1726853654
138,17,2,1784328498
138,20,1,1741009896
138,6,2,1742107027
138,53,3,1777283822
138,49,2,1711036999
138,16,2,1714875109
138,57,3,1721182569
138,14,3,1733501223
138,11,3,1769305456
138,29,2,1787131540
138,41,2,1717460780
138,21,5,1779727494
138,42,2,1792040260
138,27,4,1755071708
138,3,4,1742869025
138,18,2,1760597948
138,56,3,1764205127
138,32,5,1717919382
138,31,2,1734987861
138,45,2,1723283960
138,22,4,1792270241
138,28,3,1779593852
138,7,3,1743967101
138,50,2,1737822197
138,58,3,1726664193
138,33,4,1711327835
138,5,3,1755632768
138,12,3,1749338378
138,51,1,1724412762
138,52,1,1752813894
138,24,3,1750643036
138,39,4,1776556525
138,43,2,1730130153
138,37,4,1702782955
138,35,5,1703082993
138,15,3,1774964625
138,1,2,1786853189
138,2,3,1782141673
138,46,3,1784104500
138,23,2,1730696566
138,48,3,1711942232
138,38,3,1762065617
139,11,2,1703861862
139,4,4,1738949039
139,26,2,1735138129
139,40,3,1731606345
139,28,2,1782903638
139,39,1,1760529066
139,17,2,1733328672
139,10,3,1749611937
139,6,2,1778235926
139,24,2,1791840773
139,60,3,1786870487
139,37,3,1761493746
139,8,1,1711507650
139,1,4,1701385159
139,46,3,1762932224
139,34,2,1717878463
139,56,4,1743385340
139,30,3,1793016047
139,32,2,1753358890
139,48,4,1792187775
139,15,4,1728483372
139,14,4,1751471888
139,13,3,1756813149
139,18,3,1780154282
139,19,2,1734390017
139,42,2,1709805359
139,25,2,1712788187
139,9,3,1774759271
139,44,4,1707885602
139,35,2,1706994436
139,7,2,1744676053
139,20,2,1731519884
139,43,3,1763207479
139,27,3,1747553566
139,53,3,1781386202
139,51,1,1790032116
139,22,1,1780293348
139,31,2,1706108500
139,55,3,1700719539
139,52,1,1734045250
139,45,2,1767718480
139,5,3,1783169072
140,24,3,1769386899
140,9,2,1742011533
140,58,2,1758488779
140,36,2,1722143753
140,3,2,1742351453
140,38,2,1765937784
140,12,3,1720302410
140,17,1,1774581396
140,11,2,1788237348
140,33,2,1785450010
140,32,4,1759054404
140,22,2,1707143361
140,30,4,1725356407
140,59,2,1719947547
140,6,2,1707323881
140,21,3,1730851360
140,34,4,1724580812
140,28,2,1704813349
140,10,3,1763115555
140,53,1,1734926669
140,8,1,1721951974
140,45,4,1762697508
140,56,4,1758576625
140,47,3,1715572483
140,50,3,1766425800
140,18,4,1705474970
140,60,4,1759259769
140,43,3,1747851319
140,19,3,1775276619
140,29,2,1765122376
140,31,1,1761439467
140,37,3,1766167803
140,20,2,1715098270
140,27,3,1719871432
140,25,3,1716596590
140,48,2,1746923095
141,12,3,1791444194
141,54,2,1791353875
141,11,3,1716373347
141,48,2,1752904575
141,33,2,1750138147
141,53,3,1779233891
141,18,2,1714236463
141,37,3,1743424580
141,43,2,1720639394
141,38,1,1703875470
141,14,3,1710880123
141,51,4,1761771451
141,1,3,1788521869
141,34,2,1764405060
141,55,4,1760942299
141,60,3,1784336613
141,27,3,1736147308
141,5,2,1779752745
141,16,3,1788316111
141,32,3,1700779182
141,7,3,1744214932
141,22,5,1705885044
141,2,2,1788070016
141,19,2,1783532396
142,59,3,1791934035
142,52,2,1781002225
142,37,5,1717620998
142,9,3,1748190104
142,14,4,1789324622
142,4,4,1712899866
142,60,4,1749319220
142,42,2,1768807151
142,19,2,1726826266
142,21,3,1765716091
142,55,2,1759786268
142,48,3,1752088494
142,5,1,1763946652
142,36,3,1736034695
142,39,1,1775572241
142,25,2,1780576371
142,6,2,1756783572
142,26,3,1712109438
142,17,2,1756711868
142,12,3,1749423803
142,16,4,1782391939
142,43,1,1725012256
142,44,3,1758264710
142,2,3,1784649276
142,56,2,1757179047
142,11,3,1712475197
142,45,2,1705427508
142,46,5,1768899524
142,54,3,1745868216
142,51,3,1762213255
142,34,3,1790790244
142,31,2,1730095669
142,49,1,1786920825
142,50,2,1792105108
142,10,3,1720813102
142,40,1,1766481027
142,47,2,1770770150
142,33,2,1784498056
143,28,4,1767571186
143,6,4,1702183547
143,52,2,1715292162
143,31,1,1788795539
143,20,2,1762126560
143,10,3,1724099087
143,9,1,1724455561
143,44,1,1752741841
143,56,3,1706074522
143,16,4,1711179070
143,34,2,1755868338
143,60,2,1794540089
143,19,4,1739949573
143,37,1,1742137166
143,4,3,1778813775
143,36,3,1761068817
143,5,3,1789960756
143,3,4,1760390985
143,33,2,1783726413
143,7,3,1735577682
143,42,3,1745813124
143,49,3,1725124449
143,27,4,1728329117
143,41,4,1724842009
143,30,3,1710498581
143,17,2,1781074604
143,23,2,1734805028
143,35,3,1790383394
143,59,3,1714271459
144,26,3,1783013580
144,8,4,1782778089
144,1,2,1748416197
144,11,3,1792699123
144,42,2,1790436326
144,31,3,1792649605
144,30,3,1790610695
144,45,3,1753015631
144,60,2,1740621889
144,43,3,1711762188
144,48,3,1716789227
144,39,1,1718134687
144,47,2,1701862394
144,32,3,1725609022
144,20,3,1715020641
145,2,4,1777666600
145,14,4,1779972230
145,31,2,1774397493
145,42,2,1739027097
145,10,2,1704968366
145,57,1,1765430674
145,16,2,1753644191
145,28,2,1765243366
145,41,1,1768901438
145,51,2,1779327948
145,35,2,1782073508
145,13,3,1791089265
145,6,3,1765485030
145,20,4,1731125867
145,30,3,1708147644
145,56,2,1770908408
145,58,3,1702552775
145,53,3,1756640491
145,60,3,1777363548
145,8,2,1742392689
145,11,3,1774256721
145,45,3,1708524244
145,29,3,1735950066
145,32,4,1787013391
145,44,2,1755987241
145,55,4,1763530347
145,38,2,1715695520
145,54,3,1766409428
145,49,1,1783576934
145,39,2,1786728786
145,19,2,1746541891
145,27,2,1760173215
145,34,3,1793618803
145,37,4,1758549800
145,50,1,1702792658
145,40,4,1721653807
145,1,4,1738656152
145,4,3,1725796821
145,21,3,1762980385
145,59,4,1746150415
145,22,3,1758802221
145,33,3,1731152352
146,59,3,1726774319
146,39,2,1720980122
146,55,3,1781302255
146,54,1,1766060051
146,46,4,1713543068
146,43,3,1755832475
146,30,3,1766266658
146,9,3,1740755467
146,19,3,1731503438
146,47,2,1728109613
146,56,3,1774736526
146,25,3,1706314854
146,27,2,1702433447
146,44,2,1748155542
146,42,3,1735005058
146,24,3,1747921617
146,31,3,1790855719
146,11,4,1721287665
146,40,3,1723449822
146,14,3,1767575794
146,52,2,1704290941
146,6,3,1708545050
146,51,4,1745329991
146,53,2,1757796900
146,12,3,1715296699
147,32,3,1775493830
147,17,2,1705633042
147,22,4,1768089422
147,51,2,1714148036
147,23,1,1722420574
147,50,3,1784547252
147,3,5,1715845657
147,55,4,1727566472
147,36,1,1748538289
147,18,3,1721076551
147,10,1,1739208083
147,45,5,1759259530
147,33,2,1767900294
147,39,3,1766892907
147,43,4,1713327047
147,7,3,1720709222
147,4,2,1786851348
147,29,4,1748819941
147,30,2,1744910261
147,8,2,1718491507
147,49,3,1716506561
147,40,1,1727097261
148,1,1,1742252354
148,16,3,1753908666
148,54,2,1722055285
148,52,2,1758260195
148,31,4,1708250139
148,22,3,1752783304
148,19,4,1704978636
148,33,3,1788607345
148,11,3,1786096076
148,6,1,1720260447
148,18,3,1777115770
148,24,3,1707759103
148,46,3,1784772931
148,27,1,1788632237
148,49,2,1769763470
148,41,2,1739691460
148,43,2,1756278204
148,59,3,1753955904
148,10,3,1791384912
148,34,2,1794058494
148,47,2,1774304333
148,15,5,1740845544
148,9,3,1742103461
148,28,3,1746192019
148,40,3,1701060619
148,36,2,1737551535
148,30,3,1770839007
148,48,1,1781926643
148,2,4,1719711458
148,39,5,1793992012
148,5,4,1754215650
148,25,4,1759886480
148,60,3,1786420023
148,23,3,1727532561
148,26,2,1773071525
148,17,3,1783800137
148,3,3,1782971716
148,53,2,1787514936
148,57,3,1759343538
149,26,4,1714823261
149,50,3,1708045780
149,13,3,1750060376
149,57,4,1734863921
149,20,3,1784153110
149,6,3,1768115413
149,3,2,1747576607
149,35,3,1716617902
149,22,1,1706406597
149,25,3,1787370696
149,47,2,1716743635
149,59,3,1760228445
149,48,2,1739991663
149,9,4,1776830962
149,34,2,1700699730
149,53,1,1760820382
149,19,4,1745497164
149,14,2,1731688446
149,55,3,1778060201
149,33,5,1775913174
149,36,3,1784254420
149,56,3,1789324655
149,46,3,1771576791
149,52,2,1779933222
149,11,3,1731385191
149,2,4,1747021454
149,45,2,1740158160
149,17,3,1738189707
149,16,1,1789512805
149,27,2,1776875315
149,51,2,1790252537
149,10,1,1718786655
149,24,3,1750689435
149,43,3,1769748476
149,41,2,1733236783
150,13,3,1755958370
150,53,3,1721856387
150,50,3,1719373816
150,24,4,1767885433
150,30,2,1717062291
150,7,2,1765063976
150,10,3,1761433172
150,46,3,1717365785
150,28,3,1794559702
150,27,2,1768878589
150,6,3,1771020117
150,58,2,1715845497
150,4,3,1793210280
150,52,3,1728540398
150,9,3,1761127098
150,31,2,1763532708
150,14,4,1704376489
150,29,3,1721050667
150,5,4,1775031292
150,57,3,1749570909
150,34,3,1715940510
150,26,3,1780745413
150,38,4,1754844029
150,36,2,1714809069
150,40,2,1716222417
150,39,3,1749604988
150,17,3,1776740966
150,32,3,1738868189
150,47,2,1705406577
150,15,3,1770166008
150,23,2,1720576183
150,16,3,1715803092
150,41,2,1749857504
151,32,2,1775935555
151,2,3,1760716667
151,51,2,1745341868
151,10,4,1750641104
151,57,1,1763783961
151,58,2,1781296981
151,38,3,1717825403
151,27,3,1718592146
151,4,2,1767748258
151,20,2,1785424250
151,19,3,1761865804
151,14,4,1760388500
151,12,3,1789552852
151,60,4,1760273791
151,1,3,1719996104
151,8,2,1743649791
151,36,2,1711987653
151,23,2,1783855267
151,5,2,1789187990
151,3,3,1783696762
151,53,2,1754979383
151,31,3,1751973818
151,37,3,1731248877
151,55,4,1753069304
152,43,3,1765964394
152,57,3,1703122340
152,29,3,1745628196
152,48,2,1758655485
152,18,3,1724227374
152,42,2,1755691824
152,6,5,1703228867
152,11,2,1770853774
152,46,2,1742598349
152,2,2,1751272646
152,37,4,1734517819
152,41,2,1712217180
152,52,2,1715387340
152,20,2,1713332334
152,36,2,1772716383
152,55,4,1722569515
152,8,2,1738299260
152,45,3,1719331950
152,59,4,1724517408
152,54,2,1734299947
152,13,2,1712029742
152,35,4,1720700047
152,50,2,1741177222
152,4,3,1754663717
152,34,3,1791081300
152,40,3,1722708438
152,31,2,1707907267
152,33,2,1782473495
152,51,2,1743659778
152,38,5,1724354859
152,22,4,1703646855
152,56,1,1707851976
152,49,4,1740000149
152,1,3,1752336822
152,9,2,1713253224
152,7,3,1742955238
152,44,3,1719120731
152,23,3,1755408139
152,19,4,1743515775
152,15,3,1734619354
152,3,5,1750400522
152,58,3,1716235817
152,53,3,1706962963
152,39,2,1727187070
152,32,2,1732161649
153,49,3,1750104178
153,33,3,1772536595
153,25,2,1722573855
153,8,2,1732905017
153,18,1,1772146810
153,4,3,1756875091
153,21,3,1774511273
153,30,2,1760631785
153,36,3,1705609238
153,27,3,1700134359
153,5,1,1762364542
153,31,2,1783312959
153,2,4,1738822404
153,51,2,1787652074
153,41,4,1722465588
153,15,2,1700072871
153,48,3,1708076555
153,56,3,1764717944
153,52,3,1736682099
153,38,2,1780244451
153,7,4,1733673745
153,16,4,1791267759
153,42,4,1751023340
153,9,1,1747166514
153,20,4,1784853379
153,47,3,1728555376
153,29,5,1778538733
153,6,2,1768495121
153,14,1,1737756962
153,26,3,1706104857
153,50,2,1721664929
154,6,3,1761713222
154,26,1,1780465362
154,45,4,1744084785
154,8,2,1702130654
154,54,2,1792857872
154,9,3,1717948365
154,47,4,1786764149
154,36,4,1700274812
154,18,3,1781709974
154,28,5,1763958633
154,14,3,1700574350
154,40,4,1701285619
154,33,2,1790289125
154,21,4,1723291610
154,44,2,1755453803
154,22,3,1774596958
154,41,3,1793481297
154,17,4,1794395284
154,29,3,1765629343
154,52,2,1752719526
154,16,5,1772226781
154,56,2,1710891605
154,58,5,1787120361
154,50,2,1787411506
155,54,2,1737224958
155,53,3,1776383608
155,43,4,1767152570
155,29,2,1766305077
155,44,2,1722881048
155,8,4,1774059354
155,23,2,1726007403
155,59,4,1788562013
155,25,3,1775927914
155,39,1,1790217874
155,60,3,1791587976
155,52,2,1780929605
155,12,3,1775851838
155,45,2,1723559082
155,1,3,1708772554
155,55,3,1778942114
155,30,3,1717212939
155,24,4,1708730772
155,13,2,1717103487
155,57,2,1734846207
155,46,3,1776491124
155,15,2,1730596967
155,2,2,1770206603
155,18,3,1736819677
155,50,2,1725749878
155,42,2,1790996763
155,6,3,1703102778
155,20,2,1793010981
155,51,2,1790963979
155,47,3,1771530199
155,16,3,1782470962
155,48,3,1733946491
155,38,4,1791359370
155,9,2,1775177493
155,56,3,1760924933
155,36,3,1700262390
155,49,4,1757326334
155,33,2,1786029038
155,7,2,1790341923
155,40,1,1787245556
155,22,4,1706960906
155,35,4,1743352227
155,4,3,1758055632
156,34,2,1757975205
156,30,3,1703224383
156,32,2,1779528133
156,24,3,1784060174
156,60,2,1744869326
156,49,2,1733609390
156,3,3,1733172390
156,47,4,1714474127
156,15,4,1763562365
156,4,2,1731992031
156,18,5,1745741665
156,27,5,1707305854
156,35,3,1744773484
156,29,3,1769749603
156,21,2,1731775196
156,1,3,1709785926
156,26,3,1780525899
156,13,2,1783156815
156,22,2,1758858430
156,6,4,1712840710
156,37,1,1783932889
156,2,4,1759922335
156,52,2,1777703269
156,28,5,1716753912
156,5,4,1711480272
156,16,3,1708145263
156,43,2,1704475312
156,11,2,1750653117
156,42,3,1742047653
156,10,3,1793061696
156,54,4,1708727939
156,46,2,1717117564
156,53,2,1708321798
156,51,1,1759313284
156,45,5,1707353632
156,48,3,1740462762
157,44,3,1751528873
157,4,2,1762305089
157,36,4,1757459379
157,59,4,1783243271
157,19,2,1783111718
157,55,2,1713593293
157,25,4,1745582551
157,26,2,1787365194
157,7,2,1790701132
157,40,3,1703485913
157,49,2,1760945151
157,27,4,1769419139
157,15,3,1744049408
157,39,3,1778894973
157,43,3,1725834405
157,51,3,1714496399
157,1,3,1713782772
157,30,3,1701649345
158,54,3,1707693044
158,13,2,1731861591
158,58,4,1768062865
158,37,4,1775088096
158,9,3,1707329266
158,41,2,1756648087
158,33,3,1746146216
158,17,2,1726227100
158,23,2,1726893461
158,27,4,1785973808
158,31,3,1727012825
158,47,4,1709180999
158,40,3,1745842323
158,29,4,1725414874
158,12,2,1789638670
158,16,3,1763850736
158,56,3,1793252004
158,3,2,1792857327
158,4,5,1762733686
158,44,2,1780498733
158,20,1,1792934212
158,38,3,1744445587
158,28,4,1777632976
158,60,1,1775980240
158,52,2,1745051587
158,48,5,1782691963
158,10,3,1740215871
158,34,3,1756196330
158,50,2,1744106502
158,57,1,1721780851
158,35,2,1714072446
158,11,2,1760975394
158,32,2,1705662934
158,46,4,1766562688
158,1,4,1729448158
158,53,2,1700496212
158,19,2,1785733862
158,22,3,1729933920
158,36,2,1793042488
158,5,2,1730906854
159,31,3,1726092388
159,48,3,1784736292
159,50,2,1778609496
159,53,1,1748306200
159,22,3,1705892805
159,52,2,1703984330
159,59,3,1726725819
159,25,2,1726551621
159,14,3,1738131375
159,26,3,1723373562
159,12,2,1729386305
159,1,3,1735164890
159,24,1,1723392072
159,49,3,1745609531
159,5,2,1774424395
159,23,3,1733012764
159,2,4,1723963425
159,36,3,1726305005
159,8,2,1702884611
159,10,4,1723632711
159,19,2,1735136671
159,29,4,1713581521
160,25,4,1719385367
160,42,2,1717554964
160,51,4,1725453201
160,57,5,1725727027
160,8,4,1771478283
160,22,2,1750760544
160,14,3,1793194602
160,20,3,1750231696
160,30,2,1742674742
160,16,3,1780470126
160,24,3,1757651904
160,50,3,1785381661
160,43,3,1732822896
160,11,2,1706200213
160,34,2,1782681879
160,40,2,1778829544
160,28,2,1725380862
160,5,3,1771869344
160,56,3,1739484539
161,41,2,1722472549
161,51,2,1768264989
161,18,3,1752092026
161,56,2,1786580039
161,9,5,1768338099
161,55,4,1750233144
161,33,1,1766919318
161,38,2,1769644554
161,32,2,1762312899
161,14,3,1724024774
161,47,1,1743194369
161,6,4,1750181152
161,31,3,1770528150
161,43,3,1793215510
161,40,3,1764867032
161,5,4,1766409861
162,41,4,1747187591
162,59,4,1730893911
162,51,2,1778378083
162,38,2,1705522109
162,42,2,1762445215
162,3,2,1768754653
162,14,3,1783366096
162,15,1,1745147351
162,13,2,1757190488
162,29,3,1760552489
162,16,4,1762753631
162,26,2,1758049927
162,54,4,1754888712
162,20,3,1749326617
162,28,5,1766779099
162,25,3,1742549761
162,37,2,1736644052
162,11,3,1751320957
162,24,2,1703317620
162,17,2,1724100904
162,36,1,1759282426
162,6,3,1731378816
162,9,2,1735651567
162,39,3,1786618062
162,19,3,1710185574
162,58,3,1748196637
162,34,2,1711062025
163,35,3,1754459981
163,42,3,1777840078
163,6,3,1787954019
163,51,2,1701595945
163,18,4,1763351303
163,15,3,1787790612
163,7,3,1768806311
163,8,3,1720036175
163,5,2,1753352256
163,24,4,1730545068
163,3,4,1730457532
163,60,2,1728168948
163,13,2,1763678024
163,22,1,1731369795
163,48,2,1769232906
163,44,3,1778786294
163,47,3,1774170763
163,17,2,1762912993
163,20,2,1761928212
163,56,3,1745722553
163,46,2,1711526062
163,39,3,1742020192
163,9,3,1725212337
163,49,3,1757551618
163,43,3,1793676091
163,1,3,1756061116
163,59,2,1728129989
163,19,3,1758878740
163,23,3,1760394210
163,26,3,1774953463
163,40,3,1704040500
164,9,3,1714000677
164,20,5,1790581603
164,48,4,1774209891
164,1,2,1723841913
164,32,3,1704302906
164,52,3,1792479309
164,43,4,1780982133
164,23,3,1765580570
164,22,3,1703602203
164,15,3,1725057390
164,27,3,1726709158
164,28,2,1709326928
164,44,3,1751793831
164,26,3,1738093356
164,45,1,1727634396
164,35,2,1731278022
164,59,3,1739071522
164,21,2,1788525972
164,38,5,1770383199
164,2,4,1709392480
164,37,2,1761023927
164,3,3,1707711235
164,60,2,1749479669
164,10,5,1769596144
164,55,3,1701482715
164,47,1,1723062057
164,25,3,1743858604
164,14,2,1755144861
164,46,2,1752493261
164,39,2,1721076941
164,18,4,1714863801
164,13,3,1717332564
164,7,3,1772001505
164,16,3,1756158469
164,4,2,1764189781
164,11,3,1709229212
164,19,4,1752209742
164,51,3,1727713235
164,54,3,1717439215
164,40,4,1727605500
164,31,3,1741574904
164,6,1,1758008992
165,37,2,1752491260
165,20,4,1782279159
165,38,4,1723505052
165,13,4,1755707438
165,33,2,1733438309
165,46,2,1724102565
165,44,5,1782911191
165,30,3,1757992341
165,18,2,1761448654
165,57,4,1751628861
165,1,2,1788460225
165,10,3,1724621479
165,29,3,1793754040
165,5,3,1776318249
165,26,3,1712822379
165,39,2,1752821563
165,16,2,1793770511
165,34,2,1705860545
165,22,1,1732171352
165,60,1,1721197304
165,32,3,1736745629
165,53,4,1784299900
165,45,4,1772173911
165,41,1,1739176757
165,3,2,1789477179
165,6,3,1708958209
165,19,4,1793689878
165,58,2,1729159454
165,23,3,1766234781
165,40,4,1755200819
165,27,2,1774198767
165,31,2,1716271298
165,55,3,1749490380
165,49,4,1710272170
166,21,1,1721658249
166,27,3,1722896080
166,29,2,1702424794
166,11,3,1781468625
166,17,2,1713490911
166,14,4,1723788294
166,33,4,1739479427
166,3,5,1716663316
166,30,3,1771760022
166,2,2,1752458932
166,5,2,1722609429
166,41,2,1710413322
166,45,1,1790112729
166,44,2,1701504663
166,52,3,1790916826
166,25,2,1736675298
166,22,3,1720601948
166,26,3,1759144114
166,13,2,1748061622
166,43,4,1723882733
166,53,4,1729081281
166,1,3,1704623108
166,56,2,1790602889
166,8,2,1771443936
166,9,2,1729013376
166,60,2,1759332039
166,46,1,1793515177
166,32,4,1706409704
166,34,3,1785200126
166,40,3,1770179022
166,31,4,1786035199
166,18,2,1788924605
166,47,2,1788589123
166,37,1,1713796681
166,23,5,1752427912
166,15,3,1792656767
166,50,2,1741382580
166,16,2,1759590884
166,36,3,1707035056
167,50,2,1783842238
167,13,2,1727799083
167,16,3,1772706099
167,24,3,1753024581
167,58,3,1757429121
167,59,4,1716214033
167,6,4,1731193292
167,2,4,1728693064
167,27,2,1714211686
167,53,5,1747858864
167,1,3,1743401695
167,22,4,1723303091
167,55,1,1702012537
167,44,2,1753974248
167,43,2,1787777422
167,5,3,1742445044
167,15,4,1701608113
167,7,1,1752235749
167,11,4,1728557229
167,42,3,1761575863
167,3,4,1729540811
167,52,4,1708860555
167,33,4,1788310124
167,46,3,1737373949
167,21,4,1787234140
167,36,2,1783739701
167,48,2,1749523652
168,20,4,1785978796
168,50,2,1731195619
168,39,2,1767567894
168,32,2,1778848693
168,7,3,1794573720
168,46,4,1701783979
168,35,2,1731219836
168,51,1,1702847211
168,37,3,1782724918
168,11,2,1716650536
168,17,2,1741452961
168,56,4,1731728577
168,58,4,1757512010
168,21,3,1732688154
168,41,2,1783183615
168,45,4,1710655497
168,25,3,1708042731
168,9,1,1718462384
168,22,4,1750267710
168,12,2,1766937935
168,47,4,1739810955
168,31,3,1727113563
168,5,4,1720356881
168,42,3,1750432035
168,2,3,1727432134
168,29,4,1786173002
168,44,2,1705087753
168,33,2,1731952404
169,22,3,1727430524
169,9,4,1731717008
169,18,2,1768105370
169,21,4,1710491063
169,42,4,1757208939
169,51,2,1762689644
169,49,1,1741803852
169,3,2,1722033022
169,34,1,1726512868
169,55,4,1732873271
169,27,2,1756910568
169,56,2,1723680772
169,19,3,1781315976
169,2,3,1733416111
169,15,2,1740681488
169,60,2,1738299416
169,45,3,1777366028
169,16,4,1760165940
169,14,4,1785309294
169,35,2,1727031585
169,4,4,1736488536
169,43,3,1764581639
169,46,3,1710739561
169,25,2,1748262270
169,52,2,1753451468
169,57,2,1750696383
169,12,2,1722517176
169,29,5,1763178094
169,1,4,1759240493
169,53,1,1756733465
169,28,2,1767819218
169,39,3,1781791507
169,31,4,1758174055
169,7,3,1720921653
169,47,1,1764693042
169,41,3,1702658997
169,5,1,1751193233
169,50,2,1757364292
169,24,2,1711171324
169,30,2,1740296396
169,6,3,1779884158
169,48,3,1772101452
169,58,2,1720508295
170,30,2,1741313669
170,20,4,1786040102
170,60,2,1778961498
170,19,4,1709560913
170,25,3,1754866540
170,36,4,1705211257
170,39,3,1716707088
170,31,1,1751650472
170,5,2,1775914700
170,22,3,1721791910
170,9,4,1726068867
170,46,3,1758558918
170,53,3,1734260204
170,13,2,1746785439
170,10,3,1768398476
170,47,3,1765581713
170,1,3,1785225538
170,44,4,1792407482
170,33,2,1749416355
170,24,2,1793476663
170,32,2,1707744982
170,26,3,1787363169
170,27,3,1751718540
170,54,5,1756913730
170,41,3,1733123836
170,56,4,1732528051
170,40,2,1764119239
171,41,3,1725343427
171,46,2,1756766698
171,44,2,1722256467
171,2,4,1757293719
171,45,2,1733939802
171,43,2,1792856763
171,42,3,1740563223
171,10,1,1767195678
171,17,2,1771565068
171,39,2,1788380502
171,30,4,1751377017
171,58,3,1778662295
171,53,2,1741336223
171,52,4,1755245223
171,16,2,1711928391
171,51,2,1714666517
171,38,3,1785386667
171,55,2,1776854640
171,11,3,1746223620
171,1,2,1719154679
171,8,4,1736107432
171,6,4,1728122043
171,25,1,1753414658
171,26,1,1793819399
171,56,4,1741352528
171,34,2,1700861718
172,7,3,1794495615
172,5,2,1718029744
172,50,2,1726577865
172,45,3,1765293067
172,27,3,1724425523
172,34,1,1767459675
172,56,3,1714795927
172,42,4,1760486666
172,19,2,1776113817
172,47,4,1728531115
172,28,2,1724915916
172,11,2,1726969824
172,12,3,1707916438
172,24,3,1724525524
172,48,1,1725754346
173,29,2,1770106555
173,41,4,1700974683
173,40,2,1750421010
173,7,2,1780931259
173,56,4,1769803166
173,59,2,1735679876
173,11,3,1765219904
173,6,3,1763516094
173,19,3,1745235396
173,53,4,1781117376
173,25,3,1757640289
173,8,5,1745171003
173,18,2,1749765936
173,5,2,1791517699
173,22,2,1746047075
173,2,2,1742308622
173,38,2,1732158168
173,16,2,1748480869
173,31,4,1789265296
173,32,3,1753481919
173,57,4,1750792779
173,1,3,1781981404
173,4,2,1707682829
173,48,2,1747785434
173,39,2,1744326109
173,3,4,1713445578
173,58,2,1700414016
173,14,2,1761326664
174,39,3,1769110587
174,8,4,1755448912
174,56,2,1788614357
174,34,3,1725224200
174,18,3,1700419981
174,45,3,1785640742
174,49,3,1743242747
174,53,5,1702232081
174,16,3,1785064149
174,24,2,1748345978
174,29,2,1706141035
174,40,3,1743691252
174,44,5,1790990146
174,43,1,1759633763
174,31,3,1731347711
175,51,3,1722875131
175,6,3,1788549488
175,23,2,1793940196
175,28,2,1712003335
175,31,3,1714155900
175,43,3,1758370404
175,45,3,1703922081
175,7,2,1721506414
175,47,2,1743822194
175,25,3,1751471131
175,19,3,1737628993
175,39,4,1729578370
175,13,2,1734578317
175,46,3,1789379971
175,10,2,1763928214
175,34,1,1790006579
175,37,3,1716521948
175,33,2,1789318726
175,3,2,1718220919
175,9,2,1771745187
175,32,3,1785033398
175,59,4,1766029590
175,20,3,1712138886
175,36,4,1792849750
175,30,4,1744667809
175,11,3,1730038761
175,29,5,1777305664
175,8,2,1780621827
175,56,3,1708679461
175,22,2,1786434410
175,18,1,1746066984
175,55,3,1750601468
175,54,3,1751224263
175,53,4,1787767609
176,15,3,1701233262
176,60,3,1772248455
176,17,2,1761821057
176,8,3,1742402900
176,19,4,1719421410
176,6,3,1739838982
176,57,2,1729380829
176,55,2,1767086404
176,22,2,1791265494
176,48,3,1761174364
176,38,4,1719787096
176,13,3,1780727321
176,51,4,1738036341
176,54,3,1719578433
176,37,2,1789301859
176,24,5,1794350608
176,9,2,1704609555
176,21,3,1780380354
176,25,5,1742968377
176,46,3,1741458705
176,1,1,1767428032
176,20,2,1792422327
176,4,3,1716571059
176,35,4,1736702178
176,49,4,1777037211
176,42,3,1764194023
176,28,4,1784701730
176,43,4,1728951443
176,45,2,1766441201
176,26,2,1739123810
176,52,3,1794508134
176,31,4,1750560976
176,5,2,1707893691
176,58,3,1744713904
176,30,4,1720495346
176,39,3,1728268009
176,56,2,1730208616
176,47,2,1794007091
176,50,2,1707055329
176,36,3,1724027688
177,53,2,1777897778
177,43,3,1707264306
177,55,2,1740812122
177,11,2,1761408972
177,2,3,1787863486
177,36,4,1721970699
177,26,2,1777464756
177,22,3,1718463119
177,28,3,1759308631
177,44,2,1793409569
177,31,3,1764752231
177,23,3,1739068306
177,54,3,1719437798
177,48,4,1728154362
177,5,2,1729277781
177,34,3,1726260378
177,19,3,1787407684
177,51,1,1701225745
177,13,2,1748617120
177,58,2,1777266743
177,47,3,1713683207
177,7,3,1791042274
177,9,2,1719811269
177,21,2,1750540462
178,60,2,1753236763
178,4,2,1765582257
178,7,2,1740626311
178,23,3,1792339663
178,31,3,1780014633
178,12,3,1723150813
178,59,1,1787616925
178,8,3,1750381528
178,33,3,1792851132
178,42,4,1790024647
178,22,2,1788384904
178,38,1,1712027404
178,28,1,1762233240
178,10,2,1787283256
178,41,3,1751284717
178,26,3,1736938871
178,16,3,1784870367
178,3,3,1787670412
178,53,2,1759742764
178,44,3,1749301266
179,8,1,1764987079
179,32,2,1786516297
179,42,1,1794319761
179,43,2,1758204387
179,33,2,1740045650
179,15,4,1776695110
179,2,4,1716808950
179,38,2,1713346779
179,37,2,1743651494
179,52,3,1708522597
179,31,3,1772143514
179,18,3,1724815495
179,45,3,1754402540
179,7,4,1794051987
179,53,2,1702650315
179,12,2,1752854477
179,25,2,1774633131
180,5,2,1704698329
180,34,3,1711356205
180,54,3,1716739248
180,38,5,1767934076
180,35,1,1740074450
180,46,3,1748796148
180,53,2,1773071775
180,51,2,1723032191
180,42,2,1756780987
180,8,2,1788336655
180,49,5,1700011484
180,50,3,1733331239
180,14,4,1740345846
180,43,5,1706196330
180,58,1,1769718468
180,12,3,1739379055
180,39,1,1788470632
180,45,2,1771686010
180,1,3,1759716190
180,36,2,1718771026
180,29,3,1777453221
180,21,3,1765826121
180,55,3,1793294943
180,3,4,1742001565
180,9,3,1770151077
180,48,1,1747260360
180,11,4,1781359046
180,6,3,1772237254
180,17,2,1768530276
180,28,4,1728164181
181,3,4,1787210510
181,13,3,1721920355
181,10,2,1753695060
181,20,1,1761212377
181,55,3,1711174172
181,54,2,1734115380
181,14,3,1790801738
181,9,2,1757088619
181,39,2,1793216275
181,36,3,1719225877
181,56,3,1771927860
181,38,3,1727348593
181,23,3,1709470140
181,18,3,1784499213
181,53,2,1736158213
181,40,2,1784975906
181,28,3,1793523306
181,5,4,1786647103
181,51,3,1725854014
181,17,4,1749948088
181,41,2,1775650769
181,25,4,1788223735
182,27,3,1785923168
182,53,3,1711941909
182,10,4,1748696806
182,21,3,1744763940
182,51,1,1736675397
182,28,3,1719640030
182,25,2,1730301728
182,2,4,1736728250
182,39,2,1701323834
182,16,4,1713146204
182,5,2,1750621018
182,18,2,1729826611
182,8,5,1750819173
182,35,3,1714093227
182,48,2,1716576358
182,44,2,1723586265
182,36,2,1770662368
182,60,2,1741144384
182,50,2,1779031028
182,22,3,1765715496
183,37,4,1733435196
183,56,1,1791028506
183,19,5,1781698732
183,36,3,1756135725
183,18,1,1761443076
183,39,2,1724575873
183,7,2,1758916214
183,4,4,1747513265
183,11,2,1762903261
183,21,3,1767408068
183,49,5,1738496283
183,25,2,1737020332
183,12,2,1757413657
183,23,2,1769873032
183,44,2,1730704198
183,35,2,1740961563
183,57,3,1785313518
183,55,3,1711669195
183,26,3,1741025192
183,31,1,1754561490
183,38,4,1741974837
183,9,4,1712098465
183,17,3,1785184862
183,1,2,1710666936
183,33,2,1710293588
183,10,3,1732217185
183,43,4,1712567290
183,45,2,1722161108
183,50,2,1777217700
183,58,2,1707705644
183,24,5,1711352822
183,34,2,1738366253
183,2,2,1774378065
183,30,2,1766149278
183,51,3,1701435415
183,48,4,1756906118
183,47,3,1790869839
184,32,2,1717893746
184,33,2,1768945564
184,44,2,1747417986
184,58,3,1706832563
184,35,2,1756736822
184,45,3,1766505939
184,8,2,1750881238
184,26,2,1722881970
184,1,3,1750101289
184,40,3,1715197944
184,13,2,1745360034
184,48,5,1791142316
184,52,4,1733522920
184,46,3,1772359410
184,28,2,1715819626
184,55,2,1738931830
184,56,1,1740154990
184,23,4,1764843897
184,16,3,1739398948
184,34,4,1735534249
184,39,3,1728597227
184,3,1,1700299883
184,29,2,1784715069
184,11,4,1776348673
184,41,3,1752830980
184,15,1,1729187415
184,12,2,1740912220
184,5,2,1786298460
184,24,2,1769193132
184,27,3,1704755216
185,32,3,1736169218
185,4,3,1714588794
185,23,3,1758864146
185,1,1,1788084362
185,40,4,1758969458
185,30,4,1721721032
185,22,2,1718773624
185,20,3,1747477880
185,58,2,1758245146
185,7,3,1700779834
185,57,3,1748215939
185,52,3,1726637470
185,47,2,1714853291
185,12,2,1725443261
185,26,3,1738238599
185,49,2,1705403110
185,50,2,1717942270
185,51,2,1752955068
185,28,3,1756513148
185,60,2,1744454724
185,13,3,1704242158
185,6,3,1721516779
185,34,2,1789416497
185,33,4,1726708243
185,10,3,1764329883
185,27,2,1789287389
185,8,2,1735675021
185,41,4,1715944033
185,44,4,1756518457
185,5,4,1765641573
185,25,3,1773836349
185,54,2,1766513956
185,9,2,1791501121
185,38,1,1717103900
185,16,5,1743605688
185,56,3,1753670451
185,48,2,1767358318
185,36,3,1752190363
185,24,2,1717638581
185,14,3,1714728084
185,39,2,1714479352
185,18,3,1702839001
186,1,2,1757600736
186,50,1,1726630469
186,44,4,1763604818
186,16,3,1713833135
186,4,2,1794106082
186,58,3,1767422120
186,54,2,1782020513
186,22,2,1724318675
186,28,2,1725322723
186,39,3,1779349010
186,48,4,1784410590
186,60,4,1785158087
186,52,3,1719961679
186,31,3,1730787425
186,19,4,1716168027
186,46,3,1717756443
186,32,2,1753859314
186,6,2,1705149455
186,59,2,1736757086
186,57,2,1725793612
186,40,2,1719623857
186,10,1,1757217417
186,33,2,1702370465
186,12,3,1782740848
186,41,1,1726795696
186,18,2,1712205146
186,8,4,1706839113
186,17,3,1751050068
186,36,4,1754666503
186,53,4,1770460439
186,27,3,1741130478
187,28,2,1763358574
187,31,3,1737602351
187,4,1,1781405981
187,33,5,1713524006
187,60,3,1757835429
187,42,2,1724808805
187,58,2,1733858172
187,20,3,1765939337
187,8,4,1748799048
187,18,3,1744866590
187,24,2,1740850064
187,51,4,1714969117
187,23,2,1713003982
187,46,4,1789784619
187,27,3,1701833626
187,16,2,1791665542
187,21,2,1774057077
187,54,2,1717489655
187,12,3,1744454486
187,3,4,1748394712
187,1,3,1748504268
187,43,2,1779042306
187,44,2,1770982664
187,14,3,1781163313
187,19,2,1749874272
188,38,3,1740463479
188,25,5,1763645847
188,6,3,1727111862
188,57,4,1771612882
188,7,2,1720625554
188,9,1,1705880227
188,41,4,1717157313
188,48,2,1725730441
188,39,3,1756131539
188,8,2,1773886279
188,3,2,1733893399
188,60,1,1775208373
188,42,2,1746619122
188,13,4,1749125302
188,47,4,1760194264
188,29,2,1784539000
188,56,4,1715761044
188,5,3,1758535809
188,35,2,1709087680
188,40,3,1764803086
188,22,2,1756237786
189,11,4,1791898110
189,39,3,1771466893
189,18,3,1768919151
189,45,2,1710064387
189,9,3,1722215479
189,19,5,1758753131
189,3,3,1768354185
189,37,2,1751559796
189,4,3,1775497282
189,51,3,1752378052
189,57,2,1753801036
189,13,1,1781499471
189,48,3,1736439333
189,26,3,1727772949
189,32,1,1724704966
190,38,3,1771613988
190,45,3,1731972914
190,1,3,1739170544
190,57,3,1705246661
190,51,2,1785847718
190,33,2,1719882943
190,30,2,1737279846
190,55,3,1717847118
190,46,2,1736297151
190,47,2,1706914893
190,34,4,1786223229
190,17,2,1733421297
190,20,5,1728182016
190,15,2,1771752116
190,19,4,1715594065
190,18,2,1700187899
190,36,2,1787059725
190,8,1,1746635546
190,11,2,1784917258
190,56,1,1781223137
190,3,3,1749541127
191,36,4,1766566782
191,17,1,1724362335
191,47,5,1761658297
191,9,4,1724834040
191,27,4,1723637158
191,40,2,1725348349
191,19,4,1776458200
191,21,1,1765836262
191,4,4,1724213769
191,41,3,1786914605
191,1,5,1737855338
191,23,3,1702824921
191,15,3,1741629000
191,58,3,1721866570
191,18,3,1723855089
191,12,2,1752908270
191,59,2,1792256813
191,2,3,1781580498
191,35,1,1725212534
191,38,3,1709321974
191,7,2,1719263245
191,25,2,1709670211
191,44,2,1757229772
191,60,2,1732917412
191,14,2,1761072308
191,29,3,1786586373
191,48,3,1754023212
191,53,4,1713453152
191,46,4,1770703020
191,55,2,1718426925
191,54,2,1701582229
191,33,2,1780972685
191,26,3,1713385526
191,39,2,1750717541
191,13,2,1751538339
191,5,4,1702780443
191,34,2,1714768716
191,8,2,1701818926
191,37,2,1786500924
191,45,4,1705870689
191,56,3,1717740771
191,16,3,1733332025
191,3,4,1711220004
192,1,2,1755738565
192,51,3,1719036775
192,60,3,1700162459
192,59,3,1730106747
192,7,3,1703221342
192,35,2,1730423822
192,48,4,1757329147
192,53,4,1751725238
192,22,3,1719780540
192,46,1,1747420453
192,6,2,1787961547
192,13,5,1738499846
192,9,3,1730317689
192,31,2,1791860958
192,37,2,1751639439
192,29,2,1792176210
192,11,2,1715087236
192,20,4,1766011040
192,52,2,1722757831
192,47,2,1714782157
192,10,2,1730134894
192,16,2,1713654808
192,4,3,1737824471
192,55,2,1747957055
192,18,2,1710239462
192,57,4,1782637421
192,8,3,1744791783
192,2,3,1715884798
192,3,2,1748384619
192,38,4,1711382241
192,36,4,1705817913
192,40,2,1781135473
192,41,2,1720280697
192,17,3,1723899852
193,12,1,1751676160
193,44,3,1747326346
193,28,3,1742857838
193,10,3,1766331270
193,43,4,1756885777
193,59,2,1764597455
193,20,2,1793069368
193,40,2,1755558669
193,19,5,1780764593
193,23,1,1785443567
193,7,2,1744756934
193,18,2,1718551745
193,32,3,1787772249
193,56,2,1733005229
193,24,3,1751430248
193,17,3,1756191544
193,5,2,1773731067
193,1,3,1766719940
193,57,2,1772309430
193,42,3,1771641483
193,21,2,1766115841
193,41,2,1771467508
193,25,3,1771969231
193,29,2,1730885447
193,31,3,1751623796
193,55,1,1711222980
193,8,4,1777975659
193,58,2,1756618508
193,49,4,1770725487
193,35,2,1777561262
193,3,4,1793079853
193,11,1,1729438509
193,36,3,1794367587
193,6,3,1711710526
194,55,2,1718495379
194,2,3,1715735123
194,24,2,1793386109
194,36,2,1794484295
194,31,3,1719203413
194,9,5,1750661928
194,8,2,1703536218
194,4,3,1793431984
194,23,2,1757003442
194,58,4,1749886613
194,50,1,1707258943
194,60,4,1794140551
194,19,1,1714228398
194,30,1,1788952439
194,10,3,1778061980
194,57,2,1709901281
194,27,2,1763998578
194,16,2,1779715350
194,14,5,1721229647
194,15,2,1704051460
194,53,4,1719714795
195,5,3,1714933959
195,1,3,1720922844
195,37,2,1708053170
195,54,2,1786228754
195,53,5,1704310953
195,27,5,1781090807
195,10,2,1723297540
195,49,1,1767551168
195,12,2,1721521650
195,31,4,1701458621
195,48,4,1753202657
195,9,4,1756857416
195,50,3,1791255108
195,34,4,1760974645
195,45,3,1774377548
195,20,2,1734635469
195,51,3,1776781282
195,55,2,1767360178
195,22,3,1741075182
195,29,2,1730509683
195,59,2,1756864059
195,19,4,1721045425
196,9,3,1714549320
196,48,2,1714012339
196,14,5,1710443290
196,26,2,1748680988
196,40,1,1780958813
196,4,2,1745026244
196,15,4,1703764654
196,57,3,1732149161
196,12,3,1737877173
196,59,2,1721845331
196,36,2,1772688015
196,39,2,1714289429
196,5,4,1708766990
196,45,4,1728442071
196,30,2,1780142849
196,31,1,1701473309
196,21,3,1741489399
196,42,2,1725198547
196,43,3,1774046763
196,53,3,1727075194
196,25,2,1785683115
196,11,1,1704344197
196,55,1,1732257238
196,24,4,1736127119
196,28,4,1711413788
196,13,4,1776520583
196,18,3,1775805745
197,3,2,1720339060
197,4,2,1791586685
197,21,4,1762157065
197,6,2,1710570029
197,20,4,1784013952
197,1,2,1712521287
197,23,3,1731080809
197,49,1,1728943676
197,19,2,1791463977
197,26,2,1787807942
197,33,3,1718906261
197,13,2,1721615365
197,58,3,1767326285
197,51,3,1769296719
197,54,2,1781703555
197,9,1,1787428745
197,44,2,1770234403
197,7,3,1745823984
197,22,2,1760059776
197,27,2,1717609040
197,50,2,1745502589
197,43,2,1739036097
197,40,3,1748360842
197,10,4,1783680829
197,2,4,1757834613
197,25,2,1705370440
197,31,5,1791653726
197,60,2,1752027391
197,52,1,1732092885
197,57,3,1728027431
198,41,2,1787280725
198,32,3,1718850509
198,7,2,1716638464
198,52,3,1776334111
198,1,3,1765533013
198,10,3,1705314034
198,50,1,1748784400
198,20,5,1738470165
198,36,2,1753813150
198,51,2,1754899510
198,6,2,1783172511
198,59,2,1791346543
198,58,4,1717311971
198,30,3,1759166889
198,21,3,1749221971
198,11,1,1768783800
198,19,4,1783836675
198,45,4,1742096774
198,5,3,1750154896
198,18,4,1711205911
198,37,2,1791563454
198,24,3,1755457991
198,23,2,1767906443
198,54,1,1760410362
198,42,2,1735276100
198,12,3,1791611060
198,47,3,1705727818
198,17,2,1783297363
198,31,2,1786418337
198,9,2,1707658285
198,25,4,1732858752
198,29,3,1793918223
198,15,4,1775269356
199,19,4,1714645711
199,25,3,1711518907
199,11,3,1724195880
199,37,2,1714542266
199,26,2,1753277039
199,55,3,1758131630
199,5,1,1726772544
199,15,3,1753891165
199,59,2,1744120137
199,30,3,1708653222
199,43,3,1742585253
199,6,3,1745959309
199,23,2,1781117090
199,51,1,1765269412
199,47,2,1728539411
199,42,3,1794259880
199,35,3,1763917095
199,46,3,1715344634
200,10,3,1760588691
200,31,2,1756334114
200,60,2,1770434503
200,41,2,1728736673
200,14,1,1789878149
200,21,5,1734822417
200,37,4,1724706569
200,3,5,1707213167
200,39,1,1712407255
200,50,3,1757516899
200,25,4,1745905032
200,4,1,1739849912
200,24,3,1722083283
200,28,2,1726656353
200,59,3,1746879065
200,56,3,1756250794
200,49,3,1764642647
200,45,2,1763820451
200,2,3,1771874437
200,47,1,1792453263
200,18,1,1721567333
200,17,2,1793508160
200,12,2,1758624154
200,6,2,1747606004
200,58,3,1792999656
200,5,3,1776546634
200,40,3,1752229213
200,26,2,1701332984
200,54,3,1775283856
200,36,3,1780145249
200,57,4,1726650269
200,23,2,1710443308
201,21,5,1769886056
201,43,2,1700493503
201,53,1,1760473000
201,47,3,1716873477
201,48,2,1785133372
201,58,3,1760307870
201,56,5,1785753906
201,57,5,1777628449
201,60,2,1713078988
201,1,3,1704897064
201,10,4,1729343051
201,30,3,1725186888
201,50,1,1756395082
201,32,3,1793475411
201,52,2,1773294452
201,8,5,1722293702
201,44,3,1780657252
201,27,3,1750674785
201,17,4,1729009455
202,37,2,1758719406
202,1,4,1785108432
202,24,4,1738016951
202,53,3,1794233276
202,58,4,1783265522
202,2,2,1713317762
202,20,3,1711760181
202,54,2,1713933416
202,33,3,1712031000
202,8,2,1787191136
202,45,3,1702204726
202,32,3,1782713066
202,42,2,1755201022
202,30,4,1713915063
202,27,3,1766626341
202,46,4,1783728466
202,23,3,1773112925
202,44,2,1713381785
202,35,3,1785030306
202,28,2,1759606543
202,34,2,1767560039
202,22,3,1778011850
202,51,2,1704380267
202,12,2,1789618537
202,47,2,1738910317
202,41,4,1756457460
202,56,2,1728436861
202,60,1,1729914362
202,11,4,1761019389
202,18,2,1774032876
202,14,2,1751147669
202,13,4,1715368078
202,10,3,1726247650
202,39,3,1763025187
202,43,3,1716702129
202,50,2,1747058571
203,46,4,1752790213
203,51,3,1706923083
203,48,2,1777558199
203,26,3,1757593155
203,1,3,1717296700
203,24,4,1785399182
203,59,4,1752400170
203,15,2,1723315937
203,33,3,1754105718
203,19,2,1742698007
203,18,3,1769427754
203,43,1,1721265947
203,17,1,1758707047
203,20,2,1731000202
203,27,1,1713365122
203,44,2,1716955763
203,16,3,1767680235
203,56,3,1715887718
203,60,1,1784750585
203,3,2,1777434736
203,49,3,1752614983
203,2,3,1784197247
203,10,3,1734927495
203,55,3,1774209721
203,34,3,1721347754
203,21,3,1743272417
203,22,4,1727348550
203,11,2,1712516397
203,28,2,1712517871
203,8,3,1703441373
203,50,2,1758709658
203,13,3,1701548620
203,7,1,1784408740
203,47,2,1779629793
203,35,5,1720541837
204,59,3,1716466411
204,6,2,1714371585
204,37,4,1719036823
204,25,3,1737911547
204,2,5,1735164329
204,48,4,1724243439
204,47,3,1712452337
204,9,4,1710385959
204,30,3,1766336447
204,41,2,1748505926
204,51,3,1727913590
204,23,2,1752452316
204,12,4,1713511929
204,16,4,1765905864
204,42,2,1702947014
204,15,2,1755531931
204,20,4,1709875199
204,13,3,1765299245
204,35,2,1783977718
204,54,3,1710242515
204,57,1,1728225447
204,17,3,1792252731
204,4,4,1756358979
204,18,4,1750365788
204,60,2,1742088657
204,10,3,1785033882
204,56,2,1760515891
204,7,3,1721622965
204,8,3,1724133211
204,45,3,1740098215
204,52,3,1701361006
204,44,3,1723981630
205,3,2,1762685550
205,8,2,1766545378
205,22,2,1758527249
205,23,2,1768807596
205,31,1,1753679326
205,40,4,1725911301
205,39,2,1733566934
205,35,3,1723214233
205,1,2,1726558526
205,11,4,1792215290
205,34,2,1737726289
205,48,2,1752724203
205,17,4,1713810279
205,59,2,1778335942
205,13,4,1778863503
205,54,3,1741820248
205,2,3,1722233584
205,53,2,1727626276
205,44,3,1765475674
205,50,2,1758179582
205,33,3,1759882277
205,10,3,1756873060
205,14,3,1780038028
205,24,4,1736463456
205,47,2,1742781724
205,38,3,1783605694
205,42,2,1714436339
205,21,5,1781509842
205,9,2,1751411543
205,36,4,1757621412
205,60,2,1726806068
205,37,2,1776120515
205,57,3,1747367517
205,5,3,1750192126
205,32,2,1784919350
205,26,3,1708625670
205,16,3,1760317901
205,7,4,1722447787
205,30,4,1704531191
205,12,2,1768633149
205,18,3,1733965629
205,45,5,1778768256
206,57,2,1737319033
206,42,3,1781591543
206,34,3,1790106396
206,23,2,1710042733
206,26,1,1777034049
206,2,4,1786740906
206,8,2,1756606345
206,12,4,1791554196
206,52,2,1758412302
206,21,3,1742652151
206,28,2,1742965968
206,53,3,1726595298
206,60,2,1726457435
206,16,4,1706665217
206,5,3,1766294734
206,14,3,1766927800
206,43,2,1706280294
206,24,2,1736831418
206,44,3,1756537506
206,10,4,1716006675
206,51,2,1716655437
206,54,4,1760771788
206,1,2,1722969985
206,40,3,1780722659
206,38,3,1743872387
206,22,4,1779345641
206,45,3,1751386266
206,30,2,1731732012
206,37,2,1777364953
206,29,4,1702854636
206,39,3,1738257007
206,18,4,1702393947
206,3,2,1786391469
206,13,2,1777277029
206,41,3,1700623711
206,20,4,1761977968
206,7,4,1738166934
206,17,2,1717590313
206,59,3,1754064349
206,4,4,1704967155
206,31,2,1771600729
207,5,3,1742033591
207,31,2,1766279210
207,7,2,1782184286
207,54,3,1706318000
207,52,2,1752791522
207,27,2,1740056450
207,47,2,1793476867
207,20,1,1761012928
207,18,3,1766214520
207,21,4,1786046600
207,49,2,1716295769
207,23,2,1750184824
207,26,5,1782943469
207,6,3,1713790014
207,36,4,1703930993
208,9,2,1792374176
208,7,1,1707045220
208,21,5,1734854691
208,56,4,1705781587
208,45,2,1714871807
208,47,3,1706442905
208,28,3,1740841125
208,15,2,1710071990
208,11,3,1735396856
208,6,3,1744201786
208,13,2,1792331273
208,55,2,1782241997
208,24,4,1750943206
208,35,2,1736226982
208,1,2,1793773206
209,30,3,1727634253
209,8,2,1793276632
209,9,3,1710471228
209,21,3,1710085710
209,56,2,1766384860
209,10,2,1708088890
209,49,4,1728517975
209,38,5,1701762024
209,27,2,1789992846
209,41,5,1729009211
209,29,2,1762834081
209,43,2,1751681908
209,59,2,1725221850
209,34,3,1765450681
209,47,3,1714030412
209,16,2,1745694444
209,37,2,1728006066
209,31,1,1779258668
209,32,2,1770819264
209,18,1,1768978156
209,57,2,1742058336
209,54,2,1741852500
209,15,2,1760937796
209,6,3,1787951446
209,17,3,1720669385
209,19,4,1767714375
209,44,4,1714181508
209,23,4,1717456426
209,45,3,1729364802
209,22,2,1748807442
209,40,1,1751751100
209,24,3,1760724380
209,28,3,1783279154
210,5,2,1788836768
210,18,3,1771254233
210,28,2,1760752435
210,11,2,1747238845
210,44,1,1735645373
210,20,4,1715881472
210,37,3,1773860588
210,42,2,1711283250
210,7,4,1747570364
210,10,2,1757911411
210,30,4,1728463020
210,52,2,1720215880
210,48,2,1753274774
210,8,3,1767402853
210,16,3,1757827496
210,2,3,1768172784
210,50,3,1744793758
210,12,4,1707134621
210,59,4,1759235732
210,45,1,1736586258
210,31,4,1749631122
211,47,2,1771421511
211,28,2,1713560284
211,13,5,1736971545
211,19,3,1730395619
211,58,2,1783244618
211,26,1,1793886948
211,12,3,1754299043
211,39,1,1752601013
211,18,2,1752732189
211,34,2,1713596829
211,53,5,1729512907
211,32,3,1792836226
211,51,4,1736006180
211,59,4,1766460815
211,7,2,1727609308
211,44,2,1722955139
211,4,2,1727323438
211,42,3,1746658526
211,16,3,1785483165
211,8,3,1738653705
211,15,2,1780035829
211,41,3,1738651837
211,45,4,1700416997
211,3,3,1712649023
211,52,2,1724840859
211,43,2,1767543749
211,5,3,1794015656
212,59,4,1713420761
212,45,3,1740883024
212,16,2,1745053851
212,11,2,1760749138
212,21,3,1765855518
212,44,4,1747081034
212,5,3,1773244637
212,57,2,1734539524
212,12,2,1789041184
212,22,2,1765296027
212,30,3,1734029139
212,10,3,1748894086
212,1,3,1761572485
212,43,2,1701820133
212,31,3,1747328711
212,28,3,1740417525
212,51,3,1744793672
212,2,2,1769502107
212,52,3,1789112118
212,17,2,1779959344
212,54,3,1765009006
212,53,2,1715134534
212,48,3,1736230390
212,23,2,1792044391
212,46,3,1769700460
212,38,3,1785872544
212,32,3,1702781968
212,58,1,1719850853
212,36,5,1755072076
212,4,3,1729562206
212,47,3,1788498728
212,27,2,1719009676
212,35,2,1747941821
212,19,2,1766817911
212,55,3,1704147955
212,49,2,1732798491
212,8,3,1777522039
212,41,4,1793389511
212,37,4,1757810328
212,6,4,1748240526
212,40,2,1727690126
212,34,3,1711982151
213,7,2,1720163227
213,18,3,1770220858
213,57,2,1738893851
213,41,3,1783724365
213,44,3,1774912396
213,35,3,1789163564
213,29,1,1721824718
213,34,2,1740754622
213,12,3,1765340518
213,17,3,1738689596
213,56,2,1708672678
213,23,3,1739557552
213,22,1,1702092776
213,26,2,1760915814
213,38,2,1705496631
213,27,2,1729168908
213,59,2,1737985938
213,20,3,1779600725
213,13,2,1716567268
213,3,2,1707139481
213,46,2,1765547434
213,53,2,1741046667
213,48,2,1700683201
213,8,2,1757756952
213,28,2,1747278935
213,30,5,1788617699
213,49,2,1700086129
213,19,2,1706697739
213,37,3,1733746828
213,1,2,1718484302
213,16,2,1747005495
213,40,4,1738019256
213,5,2,1767376391
213,15,1,1789298543
213,54,3,1775262472
214,10,1,1775686398
214,47,4,1758494269
214,13,4,1791123530
214,28,3,1743282519
214,38,1,1777600317
214,6,3,1718679934
214,19,3,1791713816
214,15,4,1726777331
214,3,2,1733557176
214,31,3,1718212104
214,23,3,1755876491
214,16,5,1774394708
214,44,2,1726779547
214,41,1,1740407893
214,25,2,1740935883
214,57,2,1711488759
214,26,2,1739907513
214,7,2,1776056500
214,17,3,1784331525
214,20,3,1761895093
214,39,2,1773260153
214,59,3,1724611796
214,12,3,1750461294
215,29,2,1789936512
215,45,4,1700798977
215,21,2,1762117013
215,33,4,1769525894
215,44,3,1761769783
215,46,2,1707294228
215,23,2,1711362751
215,30,3,1707340737
215,54,3,1736262253
215,28,4,1787225409
215,53,3,1714367862
215,27,4,1744759391
215,49,3,1779770922
215,50,1,1713072680
215,2,4,1739000574
215,36,1,1775892528
215,55,2,1764621527
215,48,3,1792689810
215,6,4,1744467352
215,9,4,1708169131
215,40,2,1716299760
215,20,4,1778466030
215,16,3,1790518180
215,57,3,1768561216
215,24,2,1707116259
215,41,2,1794163489
215,19,4,1727523284
215,4,3,1769291785
215,26,3,1719347740
215,5,4,1775436973
215,13,3,1766478665
216,55,3,1731531482
216,10,3,1773379415
216,20,4,1734933052
216,41,2,1782243262
216,58,1,1791445282
216,47,3,1758939010
216,1,3,1788336648
216,52,2,1782833614
216,32,2,1716535158
216,40,3,1758029531
216,45,4,1719628855
216,13,4,1785388938
216,8,2,1702906871
216,5,2,1724804490
216,54,3,1719016797
216,59,4,1788243507
216,39,2,1732303777
216,48,3,1722921098
216,34,2,1768654380
216,7,5,1793902569
216,16,3,1773374285
216,14,2,1726890661
216,57,3,1763908898
216,31,1,1764487117
216,2,1,1738927998
216,33,1,1738849191
216,29,4,1789595102
216,26,2,1713424414
216,4,1,1779022539
216,30,2,1766164526
216,53,3,1749303460
216,50,3,1789617131
216,49,1,1736934215
216,51,4,1752504528
216,6,1,1751783989
217,53,3,1767539115
217,28,4,1728290431
217,10,2,1746819717
217,2,3,1770471776
217,19,3,1752428709
217,30,1,1768859755
217,8,3,1708424279
217,37,2,1723420574
217,25,3,1788035991
217,1,2,1720320928
217,38,2,1747226789
217,20,1,1788037888
217,3,2,1775584413
217,42,3,1745538877
217,47,4,1761670595
217,43,2,1718795756
217,40,2,1737358181
217,29,3,1788374850
217,48,2,1740658560
217,23,4,1752872219
217,9,3,1709155005
217,55,2,1786588420
217,39,3,1764927109
217,18,3,1750536025
217,51,2,1763317523
217,11,3,1781314709
217,41,2,1788445699
217,33,4,1724209460
218,34,2,1759260945
218,17,2,1750240663
218,9,1,1781407521
218,45,1,1784730853
218,21,3,1703953980
218,38,4,1723362909
218,55,2,1743105260
218,23,4,1714450015
218,54,3,1793781379
218,40,3,1760332161
218,26,1,1750684499
218,5,2,1717880034
218,3,3,1785549812
218,2,3,1777011402
218,11,4,1774687900
218,15,4,1726807901
218,7,1,1726268818
218,43,4,1733889297
218,44,3,1765914731
218,32,2,1758722249
218,31,3,1791113573
218,56,3,1738398260
218,57,3,1730265633
218,16,2,1727003632
218,42,3,1721755295
218,12,4,1758258950
218,25,3,1770938021
218,27,2,1725809507
218,49,3,1711545180
218,47,3,1778129206
218,20,2,1703253847
218,58,3,1784438474
218,4,3,1789745791
218,51,3,1712912566
218,24,4,1727318624
218,48,5,1704461288
219,50,3,1783949256
219,27,2,1750481733
219,37,5,1709511690
219,35,5,1776390345
219,56,3,1710488284
219,5,2,1717071472
219,22,3,1769423699
219,12,3,1740027348
219,44,2,1713544314
219,47,4,1715827960
219,51,3,1766936024
219,42,1,1730947052
219,34,3,1706909395
219,32,2,1780730565
219,13,2,1772549785
219,14,2,1744415303
219,58,3,1703025600
219,31,3,1730067619
219,33,3,1738909246
219,23,2,1733739900
219,41,4,1752402145
219,36,2,1794391746
219,9,2,1748037222
219,55,3,1709120472
219,29,3,1721188015
219,28,3,1738663966
220,55,3,1707971455
220,34,2,1718695003
220,40,4,1727411730
220,33,2,1773428820
220,20,4,1744239393
220,26,2,1789031467
220,58,2,1708365590
220,4,3,1731624005
220,35,1,1766243846
220,45,1,1709786069
220,8,2,1775679497
220,38,4,1781873043
220,31,2,1794367253
220,17,1,1704746217
220,42,2,1746418606
220,2,4,1709497661
220,3,4,1755866810
220,22,2,1780282015
220,27,3,1782199318
220,47,3,1710817074
220,13,2,1774011044
220,43,4,1764259620
221,7,1,1781623020
221,3,2,1750920647
221,32,3,1791528600
221,33,3,1791750576
221,15,3,1702428651
221,42,2,1774154752
221,23,3,1764716210
221,28,2,1706998168
221,31,3,1751959009
221,20,2,1750630659
221,56,4,1793340448
221,2,3,1716809078
221,4,4,1757675860
221,49,3,1794131964
221,13,3,1757288633
221,35,2,1773758671
222,58,3,1706144449
222,40,4,1701999650
222,60,2,1733544016
222,24,3,1707634795
222,23,3,1710282645
222,13,2,1707604050
222,22,2,1717007519
222,28,4,1758861974
222,4,1,1724238846
222,16,3,1737929390
222,15,4,1705867922
222,6,4,1742161262
222,38,1,1746931572
222,1,4,1780854908
222,50,2,1787940656
222,27,5,1732781920
222,35,2,1739246971
222,37,2,1717410219
223,43,3,1732776746
223,5,2,1770711829
223,59,2,1735907973
223,17,5,1742796523
223,35,3,1793653330
223,14,1,1772668051
223,32,5,1767571298
223,46,2,1714009401
223,48,2,1707247426
223,23,1,1746524622
223,15,4,1755141186
223,29,3,1783466217
223,53,2,1765257692
223,20,3,1737551952
223,24,3,1710528854
223,36,5,1727320680
223,19,1,1718405476
223,42,3,1769926758
224,14,5,1730124961
224,8,2,1727612629
224,24,3,1750912405
224,47,3,1724753345
224,53,3,1788573727
224,51,2,1757859244
224,10,4,1771469858
224,3,3,1707014171
224,16,2,1788637717
224,45,4,1740956281
224,29,4,1704201833
224,42,1,1772685498
224,30,2,1746681534
224,59,2,1703488600
224,2,3,1781703604
224,32,3,1745126455
224,56,4,1735236547
224,18,3,1779317124
224,43,1,1729064063
224,38,3,1703670202
224,25,3,1745760780
224,20,2,1783420414
224,6,3,1758260695
224,4,3,1757384680
224,49,3,1707666327
224,40,2,1714657945
224,55,2,1774261885
224,46,3,1752091317
224,35,2,1790995529
224,13,3,1738576654
224,15,1,1771774457
224,33,2,1762210257
225,50,2,1759566993
225,34,2,1762105800
225,17,4,1702317495
225,11,2,1759043624
225,25,2,1701190605
225,30,2,1762604450
225,48,5,1704966560
225,16,4,1748147073
225,9,2,1764452414
225,1,4,1785596429
225,18,3,1774706716
225,44,3,1729238325
225,60,2,1754842825
225,6,2,1707863123
225,53,3,1777788611
225,35,2,1710676603
225,19,4,1737103909
225,22,2,1781916907
225,37,5,1774014080
225,26,2,1742147927
225,3,3,1708595771
225,54,3,1759114791
225,24,2,1724132872
225,39,3,1734629107
225,58,1,1737063466
225,51,2,1734834976
225,8,2,1766428236
225,20,3,1717075512
225,21,4,1730523650
225,27,3,1784602558
225,52,3,1723420365
225,28,3,1719716823
225,47,2,1782939751
226,3,5,1755830504
226,12,2,1709582229
226,44,3,1786152618
226,33,3,1757240549
226,56,2,1737994945
226,29,3,1719203803
226,38,3,1703314453
226,21,3,1743827529
226,60,2,1781465696
226,36,3,1748356895
226,46,4,1744961030
226,15,4,1754779294
226,4,2,1787507034
226,50,3,1750293477
226,17,2,1763174275
226,47,3,1739468472
226,2,2,1783472202
226,23,2,1704181876
226,35,4,1721516822
226,52,2,1749432646
226,39,2,1705987530
226,16,4,1739040263
226,43,3,1720141148
226,7,3,1779353203
226,5,4,1703427288
226,57,3,1714258231
226,55,3,1781743716
226,8,2,1728384317
226,51,3,1742024344
226,42,2,1768557897
226,37,2,1768207069
226,11,1,1778045796
226,19,2,1746177977
226,59,4,1728839191
226,22,4,1750847002
227,25,4,1788476025
227,49,3,1770390228
227,42,2,1769838315
227,6,3,1759192355
227,5,3,1742538880
227,15,3,1736129093
227,37,5,1726175623
227,33,1,1777207907
227,54,3,1739334559
227,41,3,1732753017
227,36,5,1744115287
227,47,4,1732624751
227,27,3,1748582114
227,35,4,1730989625
227,8,3,1761179282
227,34,3,1742253938
227,4,2,1715490996
227,39,2,1793022701
227,31,3,1732352710
228,6,2,1710939544
228,23,2,1754828316
228,36,3,1756508695
228,33,4,1767783433
228,5,4,1719917719
228,24,2,1777310988
228,42,3,1766330432
228,31,2,1784910129
228,39,4,1726589097
228,15,3,1724147877
228,29,3,1760944129
228,27,3,1702082019
228,51,4,1722383617
228,37,3,1716212004
228,9,1,1756186977
228,35,3,1735349744
228,16,1,1774434303
228,49,1,1763063577
228,38,2,1713555369
228,46,3,1716964845
228,52,2,1704573558
228,17,3,1757904194
228,19,2,1703212026
228,22,2,1792616482
228,21,3,1722405721
228,8,2,1709799868
229,59,2,1779129152
229,25,3,1768367019
229,58,1,1711246035
229,28,2,1720435507
229,23,3,1701044716
229,9,3,1779665373
229,26,4,1779597592
229,45,3,1749643635
229,36,3,1790450278
229,16,2,1787161631
229,46,3,1760871384
229,19,5,1750918794
229,8,2,1743008309
229,22,3,1758866156
229,47,4,1723719260
229,38,4,1768272154
229,39,4,1778930879
229,40,2,1737486955
229,7,2,1713005510
229,3,4,1731173885
229,5,1,1739909444
229,56,3,1766208728
229,29,2,1745783977
229,27,3,1706481098
229,53,3,1775716426
229,57,4,1769481516
229,49,4,1770490297
229,31,4,1777823224
229,55,3,1768213192
229,24,5,1757269299
229,6,4,1738286573
230,12,2,1705334488
230,10,3,1772454722
230,3,2,1772197852
230,53,3,1726190263
230,48,2,1700894575
230,47,2,1765547360
230,14,3,1703459771
230,28,2,1749598894
230,34,2,1727265115
230,18,3,1737827591
230,37,3,1776660490
230,40,2,1757244204
230,21,3,1759703357
230,7,3,1769913195
230,23,4,1716935418
230,19,2,1760914632
230,11,3,1739586388
230,8,2,1714712259
230,45,2,1716098153
230,51,1,1759647037
230,32,5,1758017753
230,29,2,1766203639
230,15,2,1735306850
230,44,2,1711658665
230,42,4,1718363405
230,17,2,1737373355
230,55,1,1789753485
230,38,3,1715631350
230,41,1,1747475650
230,5,2,1710612203
230,4,1,1729855629
230,52,1,1709979132
230,49,3,1743904728
230,27,1,1721035567
230,35,3,1768056464
230,25,4,1745008192
230,6,2,1737058592
230,1,4,1760862915
230,20,4,1784640912
231,46,2,1701069794
231,45,4,1733005982
231,21,3,1718371007
231,3,3,1778697675
231,28,3,1750493924
231,7,2,1729556025
231,60,2,1790375189
231,51,3,1726263497
231,34,3,1735606090
231,58,2,1763097822
231,13,3,1720325007
231,36,4,1765029451
231,43,4,1725112788
231,41,2,1766669489
231,57,4,1737929886
231,47,1,1717688813
231,59,2,1726652012
232,47,4,1756316956
232,48,2,1760018532
232,14,3,1743674052
232,1,4,1733204963
232,28,4,1788908264
232,5,5,1757024453
232,32,3,1715544987
232,36,2,1723648417
232,40,3,1762375800
232,58,5,1742802832
232,46,2,1788665957
232,12,2,1715238583
232,3,3,1746651206
232,27,4,1793545539
232,45,2,1753430642
232,17,2,1794599178
232,52,5,1717187635
232,25,3,1764926313
232,41,3,1765655873
232,38,3,1780672745
232,16,4,1755298095
232,23,2,1792237366
232,31,4,1731522381
232,34,4,1703887287
232,49,4,1739047995
232,20,2,1735960132
232,15,4,1768113806
232,19,4,1728871061
232,54,2,1754895832
232,44,2,1708160875
232,26,1,1775464898
232,21,4,1743378098
232,13,3,1735112062
232,35,1,1790595496
232,53,2,1742630014
232,18,3,1755194233
232,42,2,1752529918
232,10,3,1759317732
232,4,2,1757069281
232,8,2,1753509858
232,22,1,1734990478
232,39,3,1707332766
233,22,2,1750893769
233,41,2,1712113513
233,53,2,1794587329
233,3,3,1744733168
233,20,2,1747338677
233,29,3,1774208202
233,27,4,1708518098
233,15,2,1787903429
233,37,4,1706605553
233,11,3,1769611890
233,35,5,1728247918
233,14,3,1748599937
233,59,3,1771869924
233,8,2,1726634140
233,40,2,1721071231
233,46,3,1771900277
233,60,2,1753086639
233,9,2,1730780751
233,39,1,1738948304
233,50,3,1721663301
233,2,2,1750181317
233,45,3,1744493460
234,16,2,1781184526
234,1,2,1720380634
234,3,5,1712825399
234,55,3,1778946302
234,2,2,1752495761
234,49,3,1726076367
234,34,2,1781294547
234,7,2,1741901392
234,33,3,1743449866
234,26,2,1757063030
234,32,3,1768767208
234,58,3,1703144983
234,11,1,1740554420
234,19,3,1736782333
234,20,5,1761593272
234,56,4,1727201463
234,15,2,1713378718
234,41,3,1735469712
234,60,2,1788053635
234,57,3,1777336413
234,18,2,1763270284
234,8,1,1750543809
234,25,1,1739089390
234,51,2,1757651154
234,9,2,1712490623
234,40,2,1729830286
234,6,3,1754536785
234,5,2,1775295643
234,52,3,1737387408
234,17,3,1764874074
234,24,4,1738174606
234,23,3,1794338884
234,38,4,1771565416
234,30,3,1767993829
234,14,3,1732831540
234,59,3,1751325978
234,28,3,1702310226
234,35,2,1766710893
235,46,4,1770250319
235,7,3,1776053026
235,29,3,1731196194
235,15,2,1707909847
235,37,4,1766225408
235,2,2,1733826068
235,26,4,1755278723
235,50,2,1741802776
235,57,3,1745347939
235,58,1,1720214797
235,24,3,1704900250
235,31,3,1743143346
235,56,2,1792475692
235,59,2,1775874940
235,42,2,1780360192
235,20,2,1754564107
235,22,4,1700747830
235,10,4,1735989798
235,41,2,1792663562
235,6,3,1728081593
235,47,3,1775485324
235,36,3,1765595812
235,11,2,1773227680
235,14,3,1767084096
235,32,4,1742012319
235,16,2,1787511116
235,60,4,1731640398
235,43,2,1743196359
235,54,3,1761924305
235,45,2,1764826670
235,27,2,1769045775
235,35,5,1774464967
236,45,5,1758449055
236,5,5,1739490030
236,25,2,1790822876
236,9,3,1736387450
236,49,3,1770126092
236,1,5,1743269935
236,11,1,1782557389
236,34,1,1749879577
236,48,5,1775673348
236,8,4,1787271147
236,54,2,1722272851
236,13,2,1718994170
236,29,2,1738949552
236,51,1,1770229592
236,3,4,1791942348
236,28,4,1727442403
236,32,2,1782409660
236,50,3,1749828775
236,41,3,1769709974
236,53,3,1781137003
236,44,3,1733720776
236,57,3,1763365536
236,36,3,1762126724
236,27,4,1728268552
236,26,2,1744315629
236,55,2,1718164926
236,19,3,1722043679
236,47,4,1770380884
237,27,1,1746299404
237,12,3,1784399027
237,10,2,1701896427
237,31,4,1725855792
237,5,3,1736853586
237,1,4,1738143010
237,20,3,1757198985
237,45,3,1778446018
237,13,3,1741037113
237,52,3,1749294789
237,53,4,1783819096
237,7,3,1754125762
237,35,4,1734191883
237,30,2,1775311217
237,22,4,1772614071
237,49,2,1786114007
237,4,2,1788498817
237,40,3,1727190916
237,47,2,1710398669
237,39,4,1779542677
237,11,1,1720457708
237,56,3,1713821242
237,23,2,1729050282
237,36,4,1737579022
237,15,3,1723934411
238,52,3,1731115834
238,34,2,1729050549
238,38,2,1712259214
238,42,3,1782533661
238,50,1,1719661777
238,25,2,1719237874
238,22,3,1722121549
238,37,2,1763815697
238,56,4,1700033134
238,58,5,1743397675
238,39,1,1710440451
238,18,3,1707004714
238,48,1,1718384463
238,40,3,1768679917
238,43,3,1759014061
238,31,2,1757096991
238,14,3,1789233613
238,11,1,1763309036
238,1,3,1743901191
239,16,2,1737277197
239,36,2,1719177565
239,26,2,1758685794
239,25,2,1775227139
239,50,2,1759276832
239,57,3,1765779236
239,46,3,1793294709
239,31,4,1733626780
239,23,4,1791988480
239,20,3,1716138312
239,34,1,1774880752
239,21,2,1758440193
239,56,2,1787522323
239,6,5,1746731994
239,39,3,1723892421
239,14,5,1703395111
239,11,3,1749081701
239,41,2,1762555645
240,40,2,1767483781
240,36,4,1701744092
240,57,2,1781439883
240,13,2,1736645175
240,25,4,1704500077
240,24,4,1786868145
240,12,1,1736903354
240,48,5,1786124034
240,1,3,1764254706
240,58,1,1753458116
240,29,3,1705894491
240,55,3,1793348305
240,34,3,1794524779
240,51,3,1733962179
240,52,4,1736798988
240,38,3,1783922374
240,20,2,1707680877
240,22,3,1776796822
240,7,3,1704083774
240,49,2,1763190952
240,17,2,1781543479
241,48,3,1790193094
241,56,1,1742477264
241,42,4,1722711457
241,49,1,1778765336
241,35,2,1749158124
241,52,4,1769302042
241,7,2,1701902027
241,3,4,1789187054
241,24,1,1754112975
241,2,3,1755885406
241,40,3,1789620191
241,46,1,1789877717
241,10,4,1708252163
241,57,2,1708718099
241,12,2,1725895959
241,9,3,1767313639
241,6,2,1719798986
241,27,2,1735787268
241,8,2,1711270088
241,4,2,1723163997
241,29,4,1759511989
241,41,3,1705973820
241,21,2,1736980400
241,54,2,1781675383
241,59,1,1726666834
241,18,3,1792437991
241,13,2,1767842475
241,51,3,1754928808
241,22,3,1723215400
241,43,2,1785268483
242,18,3,1785623611
242,36,2,1750268506
242,23,4,1761787010
242,8,3,1710908536
242,22,3,1733115824
242,30,4,1741309843
242,37,3,1791387588
242,45,2,1786210380
242,6,2,1725647136
242,54,2,1717815365
242,55,3,1741672868
242,52,2,1707158543
242,57,4,1750910187
242,49,3,1738530763
242,12,3,1723891297
242,47,3,1737441833
242,46,2,1718847668
242,21,4,1775838379
242,38,4,1742351193
242,41,4,1755563827
242,2,2,1730327888
242,11,4,1725265855
242,1,2,1736614518
242,14,2,1726739479
243,29,2,1704220885
243,17,3,1715475060
243,6,1,1769394567
243,32,3,1788359849
243,23,2,1784706642
243,38,1,1725021608
243,24,3,1763781582
243,56,4,1718765689
243,50,4,1762712813
243,42,1,1778761749
243,34,3,1743351112
243,60,2,1749966944
243,41,5,1775667851
243,44,3,1750722242
243,11,3,1788356175
243,3,3,1778972473
243,55,2,1704543241
243,25,1,1743268043
243,10,3,1794125320
243,35,2,1714040914
243,37,2,1784486312
243,14,3,1748168614
243,28,3,1701060092
243,53,2,1721307131
243,19,3,1756560392
243,39,1,1763819982
243,22,2,1744924348
243,33,2,1745187329
243,18,5,1786957157
243,45,4,1713449648
243,59,4,1725113682
243,43,2,1748050555
243,7,2,1741107619
243,9,2,1721843350
243,47,2,1762658369
243,15,3,1773387315
243,27,3,1724986069
244,30,3,1770341559
244,38,3,1726637137
244,37,2,1776234095
244,45,2,1718729977
244,28,2,1717433651
244,47,3,1789040902
244,26,2,1744714248
244,31,4,1707220926
244,16,2,1712133101
244,17,2,1741509991
244,55,3,1718986566
244,24,1,1746453084
244,39,4,1761567486
244,22,2,1753149397
244,53,1,1722191838
244,44,4,1761819038
244,54,2,1700113173
244,20,2,1788396950
244,3,3,1719795908
244,15,4,1726898109
244,33,4,1723094634
244,7,3,1740437430
244,27,2,1741275542
244,56,4,1710787786
244,18,1,1724775741
244,57,2,1731700023
244,2,2,1727289414
244,11,3,1758592599
244,40,2,1712101995
244,60,1,1732847443
244,10,3,1720688043
244,29,4,1791900700
244,43,3,1774537577
244,23,3,1750232033
245,7,3,1765539768
245,31,4,1789909325
245,36,3,1778709162
245,44,4,1703609956
245,26,2,1729755270
245,45,2,1781674485
245,14,3,1723912234
245,59,2,1731562316
245,43,3,1749544134
245,25,2,1748624457
245,30,1,1745614022
245,46,3,1767304275
245,16,1,1700213612
245,60,2,1781948851
245,51,5,1780419261
245,9,4,1753442916
245,21,2,1710370954
245,55,2,1786647914
245,56,2,1730879939
245,57,3,1718532770
245,19,4,1767102111
245,28,2,1725228980
245,42,5,1705938855
245,35,3,1728351125
245,5,3,1740525421
245,23,2,1758438483
246,12,3,1753915716
246,28,2,1756701227
246,10,3,1707316381
246,19,2,1740661866
246,20,2,1757040011
246,25,4,1734715287
246,44,2,1785109767
246,53,2,1715563675
246,31,2,1781018658
246,3,3,1760434208
246,17,2,1767385565
246,27,2,1750039766
246,60,4,1763558440
246,11,1,1744971462
246,26,3,1771809727
246,54,3,1748970920
246,34,2,1714988380
246,7,3,1724003439
246,30,4,1756917057
246,6,3,1771365126
246,23,4,1751468716
246,43,2,1790559239
246,46,4,1710738641
246,1,2,1720184631
246,47,4,1700933716
246,21,4,1745246901
246,9,4,1779208997
246,33,3,1734606236
246,55,3,1726523174
246,22,2,1769108209
246,15,2,1782479493
246,37,4,1761067638
246,16,2,1758369685
246,35,4,1706515411
246,52,2,1762379457
247,32,1,1792474935
247,30,3,1782844702
247,24,3,1732762641
247,4,2,1770270865
247,39,3,1776379051
247,44,2,1761528033
247,58,3,1705454740
247,17,2,1710272507
247,28,4,1743833963
247,22,4,1750035742
247,55,2,1705138845
247,19,3,1719696511
247,2,5,1781786040
247,35,4,1785606010
247,18,5,1713572461
247,12,2,1751259494
247,49,3,1768804339
247,23,3,1710571641
247,27,4,1745335089
247,48,2,1785461939
247,29,1,1740531871
247,21,3,1756711004
247,20,2,1753786357
247,3,3,1703004259
247,8,2,1724686713
247,43,2,1734474897
247,37,3,1787630141
247,26,2,1710641221
247,16,3,1758174698
247,6,4,1715626356
247,34,2,1725721973
247,46,2,1776624246
247,57,2,1735027571
247,5,4,1740695005
247,54,3,1782621946
247,42,1,1768993223
247,56,3,1772364511
247,60,3,1732715893
247,14,2,1793181615
247,9,2,1706554015
247,45,3,1750229157
247,15,3,1776951857
248,28,3,1763834338
248,18,1,1774847472
248,48,2,1701686744
248,45,3,1746030066
248,50,2,1745714018
248,12,5,1742901731
248,59,4,1746488499
248,33,2,1759644085
248,43,3,1720371382
248,3,4,1762001550
248,39,2,1766971243
248,26,3,1728271272
248,55,4,1771436092
248,44,3,1793647113
248,19,5,1722818813
248,54,3,1790326645
248,1,1,1752353135
248,27,2,1734318479
248,14,4,1754081453
248,2,3,1704330737
248,52,4,1788677450
248,9,3,1776680371
248,57,3,1710550656
248,38,3,1784742934
248,30,2,1765302094
248,21,1,1775339864
248,7,4,1746345273
248,15,5,1711152419
248,53,2,1727857050
248,47,3,1771080601
248,23,4,1749552038
248,11,2,1740806582
248,8,2,1739167825
248,51,2,1742323961
248,20,3,1760599194
248,10,1,1790530041
248,24,2,1762730696
248,36,3,1703968089
248,49,2,1720924610
248,32,2,1783867651
248,46,3,1778508900
248,42,3,1722378699
248,29,5,1783787448
248,13,4,1747194493
249,49,3,1728360899
249,19,4,1714848878
249,36,2,1776604099
249,48,4,1738835762
249,32,3,1723974297
249,16,3,1721356391
249,25,4,1753836946
249,35,3,1773829193
249,9,3,1754830114
249,54,3,1747247944
249,39,5,1729226259
249,8,2,1756127168
249,7,1,1780429777
249,26,2,1737430602
249,14,3,1742869611
250,57,4,1781833362
250,44,2,1783204293
250,41,1,1767560003
250,49,3,1710805307
250,58,5,1780472677
250,21,3,1776582582
250,33,3,1754864887
250,35,3,1703064676
250,53,3,1743623487
250,26,3,1781847649
250,15,4,1733546480
250,51,3,1722341731
250,32,2,1776410977
250,30,2,1783952534
250,19,3,1763339163
250,29,2,1791853655
250,11,4,1712209308
250,12,3,1749700276
250,60,3,1703049361
250,46,3,1780710835
250,1,2,1787793969
250,52,1,1752256247
250,22,2,1774095884
250,47,4,1768630282
250,43,1,1725908259
250,7,3,1721659959
250,25,4,1761440701
250,27,4,1749534974
250,54,3,1732120359
250,14,2,1723516421
250,39,3,1763373435
250,55,2,1726814729
250,40,2,1743315309
250,20,2,1717803989
250,8,4,1739323367
250,5,3,1708699029
251,30,3,1758857308
251,16,2,1764532898
251,44,3,1708024377
251,39,3,1739320837
251,29,5,1753471904
251,59,4,1705356154
251,51,3,1748771134
251,12,4,1753610511
251,60,1,1768660380
251,33,3,1784458947
251,42,2,1787191836
251,8,2,1759061948
251,57,2,1757524179
251,22,3,1716650628
251,11,2,1713908045
251,55,3,1719593605
251,52,3,1735232032
251,5,1,1777821046
251,1,3,1715003358
251,3,3,1722676550
251,27,2,1749186033
251,34,3,1755417567
251,31,1,1788118904
251,25,2,1745611831
251,43,1,1719052219
251,40,4,1732624124
251,17,2,1764772268
251,49,2,1728197129
251,2,4,1735501623
252,5,2,1763791651
252,30,2,1759037325
252,58,1,1790365939
252,46,4,1739578072
252,32,4,1720728758
252,49,4,1793292396
252,16,2,1717254103
252,55,3,1719666405
252,17,2,1781530481
252,22,3,1739236254
252,19,3,1751570031
252,45,3,1734534994
252,29,3,1785464793
252,51,4,1730590640
252,48,2,1703758727
252,53,3,1728408798
252,52,2,1778279855
252,37,4,1740662142
252,18,2,1719912993
252,39,2,1778414664
252,3,2,1701619567
252,9,4,1734818920
252,10,2,1748876968
252,34,1,1768262003
252,50,2,1769366132
252,2,2,1754471544
252,15,2,1764018411
252,24,2,1783008294
252,33,4,1722872059
252,23,2,1746199559
252,38,2,1786416288
252,59,2,1720921437
252,31,2,1778803982
252,6,3,1767255871
252,36,4,1742184126
252,21,2,1770241159
252,57,3,1750246095
253,11,3,1768104290
253,56,4,1709019126
253,34,4,1736436564
253,31,2,1774260585
253,12,3,1771773449
253,57,5,1772172776
253,25,2,1710663234
253,1,2,1707512810
253,43,3,1759946046
253,5,2,1776061476
253,22,2,1770188999
253,15,2,1733282231
253,20,2,1732842037
253,14,3,1734369411
253,49,3,1724519519
253,10,3,1792569837
253,18,3,1787349865
253,39,2,1732895027
253,8,3,1730647266
253,13,2,1792561571
253,23,2,1761212149
253,32,2,1723814342
253,30,2,1705399953
253,37,2,1781757079
253,53,4,1735670151
253,58,1,1774084918
253,46,2,1737242273
253,41,4,1712262023
253,24,4,1725503269
253,50,3,1708545499
253,2,2,1717790417
253,33,3,1770136507
253,21,1,1740635874
253,4,3,1708169177
253,60,2,1727881323
254,38,2,1736338537
254,31,2,1766116342
254,30,4,1784708592
254,7,5,1723693707
254,35,3,1744109233
254,51,2,1768087711
254,4,2,1764864697
254,21,4,1769014787
254,55,5,1738085045
254,41,2,1786607967
254,5,1,1740216633
254,13,4,1735460310
254,59,4,1771429336
254,8,1,1733423167
254,29,5,1745787342
254,6,3,1736948576
254,48,2,1790978487
254,49,2,1775331621
254,57,3,1767519876
254,56,2,1741446973
254,60,1,1784009791
254,14,1,1759061679
254,32,3,1714961257
254,20,5,1724451823
254,1,2,1765441939
254,28,2,1700874735
254,47,2,1742843311
254,46,3,1768390365
254,43,2,1763150290
254,19,1,1766543529
254,26,2,1721895055
254,53,2,1723997481
254,37,3,1708799243
254,25,2,1757984060
254,15,3,1790325335
254,36,3,1740888220
254,9,3,1712692698
254,39,3,1759485073
254,52,2,1745960407
255,50,2,1725756927
255,7,3,1753182430
255,49,5,1723055557
255,15,3,1721198772
255,14,5,1781889353
255,20,3,1788931424
255,33,2,1721089988
255,55,3,1743712198
255,21,3,1769318932
255,60,3,1763589030
255,34,4,1787710027
255,31,2,1779890370
255,59,2,1755956600
255,44,3,1736155999
255,53,3,1730698761
255,40,3,1735279856
255,56,3,1763348307
255,37,3,1740750934
255,10,1,1749766743
255,52,2,1719459762
255,11,3,1741101815
256,48,5,1709989411
256,21,2,1732633405
256,29,2,1721530932
256,20,2,1743685593
256,28,2,1764381921
256,37,5,1779583095
256,26,3,1763065119
256,49,1,1706174008
256,27,1,1788505617
256,1,4,1752353371
256,53,2,1792315082
256,54,1,1765369583
256,4,5,1733533779
256,52,3,1737600104
256,23,2,1781430545
256,42,5,1778666938
256,9,4,1750334193
256,30,2,1707961369
256,18,2,1713615035
256,2,3,1707531569
256,13,3,1785849506
256,14,4,1745995332
256,17,2,1737050296
256,19,3,1772195140
256,24,2,1749586582
256,41,2,1758804057
256,59,3,1738149420
256,56,2,1714902300
256,25,1,1763329409
256,11,2,1718023391
256,45,3,1709930603
256,43,3,1743559761
256,36,4,1755536259
256,7,2,1720370571
256,50,3,1720188973
256,47,2,1779162732
256,57,3,1740111723
256,38,2,1777052803
256,15,2,1726842781
256,44,2,1775408403
256,60,3,1711811852
257,35,2,1757355386
257,49,3,1753191556
257,43,1,1765277802
257,17,2,1706446622
257,36,2,1770920296
257,34,3,1708091497
257,53,2,1768754597
257,19,3,1750126880
257,45,3,1702174497
257,2,1,1775928927
257,9,4,1758680918
257,5,2,1704306243
257,52,2,1767674129
257,46,4,1743898593
257,21,2,1772317772
257,24,4,1766036393
257,29,4,1737936160
257,14,3,1777150426
257,12,3,1744795511
257,47,1,1785144216
257,30,3,1709007281
257,15,3,1710140494
257,40,2,1775874195
257,48,3,1712367293
257,22,4,1774932501
257,13,5,1715077338
257,57,2,1771371946
257,55,3,1721236454
257,51,2,1768920851
257,59,5,1711774955
257,4,1,1777030941
257,41,1,1762873864
257,58,2,1781877039
258,44,2,1787726411
258,28,4,1789308727
258,53,3,1726888045
258,18,3,1777099818
258,30,1,1747599687
258,29,5,1777424312
258,48,2,1720482267
258,10,2,1725346665
258,42,3,1719902315
258,22,3,1727668202
258,5,4,1741403708
258,12,4,1724372157
258,52,3,1713542098
258,37,2,1703519791
258,51,3,1771594695
258,56,1,1780788531
258,34,3,1705295236
258,59,3,1717089076
258,2,5,1772487807
258,26,2,1746777508
258,47,3,1709296843
258,19,4,1743951077
258,1,3,1742323714
258,25,3,1730884016
258,54,2,1788337685
258,38,2,1728025635
258,15,5,1727071907
258,21,2,1740658510
258,43,3,1721916266
258,50,1,1756946385
258,9,3,1736383465
258,32,2,1731269891
258,8,2,1729156896
258,39,2,1747693567
258,46,4,1703663666
258,40,1,1718429726
258,11,2,1759007608
258,57,2,1716523557
258,60,3,1750346941
259,55,2,1702167007
259,48,2,1700973829
259,14,3,1751006646
259,25,3,1756373318
259,4,3,1753728476
259,29,3,1713430634
259,60,3,1747604491
259,26,2,1748371054
259,13,2,1741605042
259,58,3,1708765169
259,50,2,1758270476
259,57,5,1787510205
259,38,2,1740358524
259,8,4,1730784021
259,6,3,1794115341
259,12,3,1711334884
259,33,3,1787299591
259,59,3,1786380107
259,34,3,1752302797
259,47,3,1763265064
259,11,2,1702127354
259,51,2,1736871774
259,41,3,1786887136
259,32,2,1743388690
259,23,2,1706089390
259,21,4,1718889241
259,27,2,1733419962
259,52,2,1723804639
259,39,2,1775776544
259,3,3,1701244728
259,53,1,1717172930
259,17,2,1769608269
259,45,3,1720905527
259,16,3,1718820058
259,9,3,1793290744
259,54,2,1763057193
259,56,5,1705233258
259,15,2,1708211636
260,19,3,1772407098
260,24,2,1750605018
260,40,3,1780330313
260,27,3,1770491768
260,53,2,1722782148
260,11,4,1721229564
260,57,1,1713437241
260,12,3,1702005006
260,56,1,1746797212
260,34,3,1729890245
260,10,3,1712364660
260,48,5,1756355725
260,43,3,1708902088
260,52,2,1715087493
260,59,4,1763845946
260,8,2,1762335184
260,55,3,1755710670
260,2,4,1772038305
260,32,3,1759111612
260,14,4,1718039586
260,20,4,1780969675
260,26,3,1785477263
260,46,5,1700096855
260,17,2,1741799545
260,21,3,1763920316
260,49,3,1763013475
260,35,2,1734475383
260,22,5,1717206526
260,51,3,1743335744
260,29,4,1788097063
260,16,3,1772475706
260,42,2,1749067682
260,38,3,1782357282
260,5,3,1789715417
260,41,2,1712938359
260,31,4,1764127867
261,37,4,1701922230
261,13,2,1719187023
261,9,4,1785178684
261,15,1,1704578708
261,33,3,1731920912
261,58,3,1721727864
261,52,3,1753252708
261,10,2,1743289563
261,57,4,1701572026
261,43,3,1776784181
261,6,2,1764528712
261,48,5,1764940557
261,7,1,1746157714
261,46,4,1725199145
261,26,3,1784384419
261,19,3,1777470671
261,40,2,1754446341
261,49,2,1760680386
261,16,3,1728834825
261,54,3,1760826614
261,17,3,1783391160
261,12,3,1735273041
261,20,2,1773266696
261,22,2,1759037412
261,30,2,1715813415
261,34,2,1737487708
261,35,3,1787974419
261,18,2,1769053800
261,55,4,1745278396
261,11,3,1745265544
261,14,4,1725007366
261,39,2,1734263695
261,60,2,1745765962
261,5,2,1765411700
261,45,3,1773672216
261,24,4,1761245697
261,2,2,1789019649
261,59,2,1712952468
261,21,2,1789659144
261,25,2,1745952797
261,51,3,1769668788
261,50,1,1735280921
262,42,3,1747504552
262,2,3,1770541440
262,35,1,1780656304
262,9,3,1720370384
262,7,2,1775548877
262,15,3,1771210764
262,30,3,1770470377
262,8,2,1706307591
262,53,2,1771559021
262,36,3,1748674884
262,46,5,1772404720
262,19,5,1730926924
262,57,1,1793106132
262,23,4,1771252175
262,20,2,1722381271
262,29,3,1750260797
262,28,2,1721307037
262,51,2,1713440304
262,6,3,1791321326
262,33,3,1722231222
262,12,3,1785215820
262,26,3,1785135998
262,41,3,1782971287
262,13,3,1730367766
262,10,3,1720407950
262,55,2,1772587841
262,59,3,1781827925
262,37,4,1756910429
263,26,3,1778642156
263,19,2,1790236903
263,25,2,1720380452
263,34,3,1727626181
263,27,2,1759509638
263,31,2,1719113736
263,30,3,1790226266
263,21,4,1736972997
263,9,2,1743952205
263,47,3,1701445395
263,20,2,1785464025
263,1,3,1715742667
263,5,2,1769876471
263,17,2,1741763267
263,46,2,1770362430
263,36,2,1713772377
263,43,2,1784361980
263,50,4,1780322129
263,14,3,1763231224
263,40,4,1731162829
263,39,3,1788640264
263,48,2,1758823870
263,4,2,1740107238
263,56,3,1716759028
263,52,2,1772646617
263,10,4,1781877605
263,55,2,1760984164
263,11,3,1720626125
263,16,3,1709449294
263,13,2,1745818870
263,60,2,1736521017
263,6,2,1705499119
263,53,3,1751204292
263,42,1,1734286237
263,57,3,1715144802
263,59,5,1784140870
263,7,3,1762616017
263,8,1,1757164749
263,12,2,1778514495
263,3,3,1722609782
263,23,2,1792803092
263,45,4,1765404850
263,41,4,1739071710
263,54,3,1730149786
263,38,4,1770174304
264,39,3,1713954006
264,56,4,1765479724
264,24,4,1775251955
264,16,3,1781421925
264,59,4,1775916242
264,55,2,1750442020
264,43,2,1781420209
264,32,3,1769654542
264,45,3,1789597988
264,28,4,1751349988
264,27,3,1705650731
264,4,4,1780753748
264,41,3,1714468359
264,7,2,1779234500
264,18,4,1786258750
264,46,4,1713230744
264,17,3,1777259150
264,48,3,1712739083
264,33,3,1715767007
264,22,2,1732026271
264,50,3,1748412445
264,44,3,1777862664
264,23,2,1790276104
264,6,3,1781041439
264,1,2,1756616973
264,47,3,1752847572
264,53,3,1705350579
264,57,2,1746614414
264,34,1,1786850744
264,8,2,1759088694
264,19,1,1761839874
264,14,3,1776953052
264,54,3,1770164383
264,9,2,1705003131
265,48,3,1753864375
265,50,2,1746780131
265,28,2,1723093235
265,43,2,1767086906
265,2,3,1711927856
265,14,3,1744796947
265,37,3,1747218427
265,12,4,1782732173
265,56,4,1772240647
265,41,3,1730544052
265,22,2,1742484493
265,7,2,1741048501
265,19,4,1713596009
265,27,2,1712137642
265,52,2,1785825759
265,30,3,1754501157
265,17,3,1741999994
265,23,5,1783456546
265,57,3,1766732073
265,42,3,1785828882
265,16,2,1724990286
265,18,3,1751364639
265,29,2,1727131995
265,4,2,1735524800
265,21,3,1765154738
265,45,1,1747055917
265,44,3,1745231541
265,11,3,1758756373
265,55,2,1748514771
265,39,3,1721369793
265,25,2,1722621484
265,58,3,1743320084
265,31,3,1702137730
265,36,4,1714962673
265,33,5,1725473149
266,36,4,1720805333
266,19,2,1789593195
266,49,4,1736747243
266,60,1,1703537870
266,35,3,1766369717
266,12,3,1730127665
266,26,2,1793291937
266,40,3,1729390348
266,45,4,1732930552
266,5,3,1730310745
266,13,2,1759103568
266,6,3,1786959001
266,58,3,1728986747
266,46,4,1719512130
266,39,1,1701666763
266,43,5,1739834900
266,54,5,1732706202
266,17,2,1702788232
266,10,4,1782170846
266,22,2,1764863842
266,56,3,1758914857
266,23,2,1755636716
266,44,4,1774668321
266,9,2,1773984321
266,25,3,1776247172
266,7,2,1725801896
266,59,3,1755341132
266,48,4,1724972287
266,21,2,1769601473
266,8,2,1777966489
266,15,3,1753635663
266,27,4,1784188755
266,2,3,1777236512
266,31,2,1751956191
266,18,3,1735096899
267,17,2,1775027178
267,28,3,1787278778
267,24,2,1707723661
267,58,3,1746654498
267,16,2,1763971718
267,21,2,1719848134
267,35,2,1708559981
267,23,3,1791537431
267,5,2,1747568410
267,45,4,1708779551
267,9,4,1737056223
267,55,2,1776471037
267,51,3,1733824487
267,56,2,1703701318
267,54,3,1780227105
267,38,3,1765875378
267,50,3,1757825027
267,7,2,1794518515
267,33,5,1717898844
267,31,4,1753183240
267,46,3,1728884210
267,49,4,1788825403
267,43,3,1760681408
267,15,3,1741584044
267,53,4,1772262247
267,37,5,1793577401
267,30,4,1790552355
267,18,2,1740890916
267,4,2,1744363421
267,40,3,1731214258
267,20,3,1776484960
267,41,4,1768176556
267,47,2,1754645674
267,19,5,1719358634
267,14,2,1772425578
267,3,3,1791445454
267,6,2,1778768688
267,1,3,1742205917
267,42,4,1700909370
267,29,2,1781818380
268,38,2,1751175972
268,8,3,1793471246
268,50,2,1763673905
268,5,2,1718590430
268,40,4,1746076320
268,57,3,1724560448
268,34,1,1712866554
268,27,2,1741767937
268,47,1,1747668359
268,11,2,1723811694
268,52,1,1757762060
268,13,2,1733824764
268,16,2,1767066159
268,39,2,1712178177
268,12,3,1724772080
268,46,4,1734964465
268,2,2,1753878721
268,42,3,1726925055
268,32,3,1730419133
268,59,3,1747137357
268,22,2,1786869105
268,6,4,1784960805
268,7,1,1710947925
268,26,1,1745596469
268,25,2,1760629837
268,53,4,1712620209
269,36,2,1750309638
269,4,2,1709313264
269,44,1,1723138191
269,24,3,1725297638
269,7,4,1785427135
269,11,3,1783332082
269,1,2,1766867454
269,34,2,1724398998
269,54,3,1771835206
269,52,2,1729309642
269,21,4,1746338397
269,25,2,1713014526
269,20,3,1791695012
269,2,3,1720759612
269,37,3,1780492828
269,46,3,1750220019
270,57,2,1705582167
270,50,2,1748093085
270,12,3,1707868404
270,33,2,1764481336
270,10,2,1788538069
270,53,4,1779340557
270,55,1,1713258076
270,29,4,1769772254
270,2,2,1712207568
270,40,2,1789055153
270,3,3,1787886323
270,35,3,1743023903
270,8,2,1770778039
270,20,3,1775564137
270,19,4,1777186842
270,7,3,1794248481
270,23,2,1771393856
270,58,2,1770017740
270,38,2,1752906603
270,34,4,1773334032
270,11,2,1786328642
270,45,3,1726968648
270,32,3,1737924770
270,13,3,1742992142
270,56,2,1718183236
270,22,3,1760116733
270,30,2,1726580682
270,25,3,1739320311
270,54,1,1784065834
270,31,3,1757219594
270,4,2,1754255917
270,49,2,1758403344
270,18,3,1750609069
270,59,2,1711058049
270,51,2,1765829144
270,48,5,1703198965
270,43,2,1765933037
270,5,2,1714001392
270,60,2,1743152945
270,16,4,1775330101
270,39,3,1764975404
270,37,5,1781827614
271,50,4,1709792992
271,19,3,1727327834
271,60,1,1766474713
271,44,3,1727747762
271,45,3,1776657828
271,4,1,1785955870
271,34,2,1782277755
271,3,1,1702092818
271,13,2,1706071188
271,6,3,1751202550
271,20,3,1727652856
271,38,3,1792528295
271,48,2,1715613685
271,37,1,1738982422
271,35,1,1700636028
271,12,2,1732264248
271,42,3,1788529233
271,21,2,1744392606
271,55,2,1723764288
271,46,3,1752333608
271,2,2,1730651547
271,57,2,1749899973
271,58,3,1753949988
271,25,2,1706007154
271,52,3,1720928435
271,23,2,1719014547
271,39,2,1780363084
271,28,3,1733040802
271,56,4,1783451717
271,17,2,1789728954
271,32,2,1734653043
271,22,3,1756752704
271,41,4,1791321167
271,40,3,1776576546
271,7,3,1784045854
271,54,5,1741572498
271,15,1,1727498028
271,51,2,1787689321
271,8,2,1736589757
271,11,3,1754922351
272,18,1,1722463582
272,54,3,1734426734
272,58,2,1791389602
272,13,2,1793283902
272,53,3,1753446108
272,50,2,1738226119
272,32,4,1771975610
272,17,2,1738445186
272,39,4,1738212434
272,1,4,1776518645
272,41,3,1735097827
272,45,2,1714561556
272,26,3,1716025691
272,3,3,1753003418
272,49,2,1727128906
272,29,1,1711610244
272,9,3,1774457282
272,43,2,1766836028
272,15,3,1726949332
272,5,2,1717061090
272,8,4,1769555056
272,40,2,1704790926
272,11,2,1762942341
272,59,4,1764266104
272,55,3,1714675889
272,12,2,1714952744
272,21,2,1730688223
273,6,4,1705873085
273,49,4,1776343225
273,45,3,1701907386
273,52,2,1720496460
273,5,2,1745814884
273,16,2,1733662096
273,28,3,1723559104
273,40,3,1746991937
273,24,3,1762013345
273,29,2,1726930692
273,48,3,1786454359
273,10,4,1707573659
273,51,3,1752520989
273,39,4,1751007346
273,3,2,1720548400
273,43,1,1739165484
273,33,4,1767859758
273,13,2,1708542875
273,14,2,1730230610
273,21,2,1724691117
274,29,3,1730134305
274,2,3,1784327199
274,56,3,1704723822
274,60,4,1775650313
274,5,3,1773226848
274,54,3,1709921913
274,16,2,1702656619
274,39,2,1787088867
274,34,2,1763945115
274,19,2,1776704340
274,36,4,1786542269
274,11,4,1751815391
274,10,4,1737912273
274,50,4,1792021014
274,21,2,1782684709
274,4,1,1751911006
274,8,3,1760353847
274,58,2,1731899399
274,27,2,1791654759
274,52,2,1765842162
274,35,2,1782222921
274,59,4,1733560111
274,49,1,1746324745
274,46,4,1785456101
274,24,3,1761066956
274,3,4,1764307616
274,48,3,1720553823
274,7,3,1760964805
274,15,2,1772001727
274,1,2,1748336521
274,13,5,1730043274
274,31,3,1719382033
274,51,2,1738502168
274,53,2,1785509203
274,30,1,1723401284
274,25,3,1752137114
274,28,3,1734522269
274,45,4,1721517336
275,52,3,1733018516
275,20,3,1729119785
275,10,2,1725630898
275,3,3,1776287557
275,30,4,1726119029
275,27,2,1788493234
275,46,4,1783064164
275,35,4,1748776722
275,15,1,1762193264
275,26,1,1773578898
275,9,2,1754788762
275,41,3,1750307037
275,23,3,1786436223
275,14,4,1741191284
275,51,2,1728657321
275,55,4,1752724691
275,45,2,1718969191
275,56,3,1763113531
275,29,2,1714582780
275,42,2,1772857235
275,25,3,1787541827
275,43,2,1760709337
275,24,1,1740308304
275,22,4,1783697650
275,21,3,1755313521
275,54,5,1706829764
275,50,3,1726764323
275,47,2,1729149156
276,25,2,1707080348
276,34,2,1744494335
276,28,3,1712072478
276,12,2,1742049592
276,29,3,1747874974
276,2,3,1727247147
276,45,3,1720213583
276,14,3,1728589967
276,60,3,1741280251
276,37,2,1708861468
276,43,5,1748712990
276,57,2,1783648740
276,18,2,1742345697
276,44,2,1778309134
276,51,2,1759943922
276,10,3,1763765142
276,42,2,1745448910
276,26,2,1794436025
276,46,3,1723517361
276,13,1,1738888385
276,54,3,1740700248
276,27,2,1713623030
276,21,2,1775415271
276,30,2,1721449657
276,16,3,1720403362
276,9,5,1721911949
276,32,3,1755725304
276,38,4,1715896810
276,3,4,1771444791
276,22,2,1782985330
276,4,3,1754986304
276,50,3,1721244038
276,59,1,1775385275
276,58,2,1774131297
276,1,3,1784380335
276,56,3,1763024306
277,43,2,1776760494
277,10,2,1724405301
277,29,2,1760040074
277,7,4,1702665116
277,49,4,1766003853
277,3,4,1790162332
277,9,4,1776072327
277,25,3,1746147922
277,31,3,1745604049
277,53,4,1711409917
277,52,3,1749656286
277,11,2,1709246258
277,2,3,1723788142
277,38,3,1718111796
277,45,3,1783756036
277,24,2,1740279349
277,58,2,1790915486
277,47,3,1752830211
278,43,3,1776994349
278,13,1,1702578612
278,41,4,1740629111
278,21,2,1751092812
278,19,4,1726795548
278,46,2,1763098568
278,51,4,1751005009
278,54,3,1752129781
278,6,3,1704829577
278,23,4,1793320013
278,39,3,1790181417
278,32,2,1736276862
278,2,4,1793530441
278,40,2,1750350701
278,38,2,1745048155
278,27,2,1749230243
278,11,1,1768797888
278,24,4,1756977334
278,17,4,1754652792
278,59,2,1745919735
278,33,5,1717762391
278,18,4,1746471424
278,34,2,1735109738
278,48,2,1774139544
278,49,2,1725891060
278,57,2,1765609708
278,44,3,1737801233
278,4,3,1735792181
278,16,4,1711181158
278,53,3,1760381095
278,10,3,1790168533
278,9,2,1711381032
278,15,4,1789418882
278,14,3,1742763636
278,55,2,1768288809
278,37,2,1715237104
278,29,2,1703088008
278,22,4,1717250444
278,28,3,1714367955
278,3,1,1732609677
278,26,3,1709987762
278,50,2,1723770928
278,25,3,1750115328
278,5,4,1708718672
278,1,3,1720670352
279,56,1,1714204629
279,5,2,1782217107
279,1,3,1716371663
279,47,3,1707538528
279,58,4,1794509095
279,48,3,1718618004
279,52,4,1726779296
279,22,3,1710892520
279,40,2,1724907429
279,59,3,1712308286
279,10,3,1712292455
279,38,3,1700515548
279,41,3,1758112164
279,30,3,1792019808
279,55,4,1731282897
279,53,3,1728215122
279,43,3,1706710702
280,34,3,1721800123
280,13,4,1752971438
280,31,3,1785268109
280,53,2,1779498261
280,59,2,1739825016
280,46,4,1780739206
280,32,2,1755335551
280,39,4,1768002009
280,55,2,1785979202
280,12,1,1738306144
280,58,3,1729294123
280,19,3,1757246989
280,47,4,1733681911
280,44,2,1746272775
280,38,3,1732315695
280,4,2,1771209329
280,29,3,1700937251
280,51,2,1787891427
280,33,1,1791741981
280,1,4,1733778330
280,6,4,1737775463
280,43,2,1721644510
280,56,2,1708677624
280,17,3,1708270439
280,10,2,1708426588
280,35,5,1766293229
280,52,2,1746200862
280,8,2,1708107284
280,5,4,1783194239
280,7,3,1757726344
280,40,3,1710730923
280,28,4,1790467449
280,11,2,1759851981
280,25,4,1701610470
280,42,5,1790530008
281,59,3,1751749546
281,60,4,1756317377
281,24,3,1703285625
281,45,1,1718714249
281,44,4,1742509908
281,39,1,1751198338
281,56,2,1784851513
281,5,2,1720049971
281,37,4,1753609010
281,17,3,1749084772
281,47,2,1701872359
281,21,4,1758301666
281,29,3,1788821543
281,23,3,1723190132
281,31,2,1720272064
281,58,2,1779582678
281,32,2,1724683931
281,20,3,1729124413
281,54,3,1712730042
281,49,3,1702199743
281,35,2,1752518275
281,13,2,1763389452
281,15,3,1720119214
281,11,2,1736358251
281,3,3,1745273682
281,50,2,1726542426
281,27,1,1702909930
281,30,2,1766749487
281,33,2,1752644474
281,52,2,1721248859
281,42,3,1740738050
281,26,4,1773729641
281,28,2,1737268182
281,55,3,1730566650
281,38,3,1725494128
281,48,3,1765301591
281,25,2,1781446672
281,53,3,1766993019
281,40,3,1758096981
282,43,3,1750110818
282,4,2,1792410851
282,23,1,1717197789
282,7,3,1749602515
282,5,2,1775876997
282,21,3,1763555187
282,46,4,1708472493
282,31,3,1702376967
282,39,3,1760005821
282,19,2,1749661702
282,10,3,1755968870
282,16,2,1733032305
282,34,3,1728112706
282,32,2,1743781905
282,14,3,1792379616
282,27,3,1731331564
282,47,2,1741948011
282,1,2,1785076782
282,20,5,1763912828
282,41,2,1737652279
282,11,1,1774490268
282,22,3,1745735675
282,42,2,1777473129
282,28,3,1744434217
282,8,3,1793728205
282,9,4,1726088942
282,48,5,1717063481
282,51,2,1743195660
282,52,2,1784917104
282,24,4,1776809444
283,16,5,1743917970
283,53,2,1747804163
283,59,2,1783302571
283,60,3,1764767183
283,32,2,1775413975
283,37,4,1719611920
283,31,1,1736608900
283,2,5,1742954460
283,21,3,1765055025
283,33,2,1742166952
283,7,4,1781170992
283,25,4,1771982332
283,10,3,1726851375
283,40,5,1786683389
283,52,3,1725259112
283,6,3,1780206794
283,34,2,1781212652
283,56,3,1716154770
283,30,2,1739677387
283,39,3,1708128621
283,18,2,1726164817
283,5,2,1770263274
283,29,3,1767663082
283,49,2,1737910637
283,13,3,1733316392
283,47,3,1750467061
283,48,5,1756772934
283,24,1,1794039126
283,4,4,1701464854
283,57,4,1740020641
283,8,2,1735029200
283,42,4,1727412632
283,46,4,1719335352
283,1,3,1739742322
284,49,2,1742314652
284,27,3,1750335546
284,6,2,1773836812
284,24,2,1703417889
284,30,3,1784408232
284,50,2,1758285339
284,10,3,1786748718
284,29,3,1743471005
284,41,3,1753088171
284,25,3,1723890545
284,36,4,1743836914
284,11,3,1782286480
284,39,3,1704635073
284,53,3,1786385345
284,21,4,1737971392
284,7,2,1743488444
284,18,3,1775915813
284,56,2,1776306755
284,44,2,1705285691
284,13,2,1768680335
284,48,2,1707497292
284,43,2,1717698856
284,19,3,1766662806
284,60,3,1708573546
284,9,2,1709112666
284,46,2,1718778595
284,2,1,1720343371
284,8,3,1713724194
284,4,3,1770166422
284,28,3,1721928724
284,37,4,1731542991
284,42,3,1712329160
284,16,4,1748360919
284,12,3,1747926605
284,5,3,1745386805
285,5,2,1789961177
285,32,3,1753124555
285,26,3,1702584460
285,35,4,1768484185
285,4,2,1738874742
285,34,4,1766065625
285,27,2,1703155879
285,42,5,1789877837
285,51,2,1793566499
285,58,2,1755692131
285,45,1,1773823922
285,10,2,1709121643
285,36,3,1705386160
285,6,2,1726860242
285,14,3,1779143988
285,29,3,1704832588
285,11,2,1728029575
285,8,4,1730803772
285,17,2,1778213929
285,15,3,1765963322
285,16,2,1700959975
285,56,3,1746893195
285,48,3,1794197251
285,2,4,1710821631
285,39,2,1778058777
285,41,2,1749407992
285,31,3,1768336772
285,3,3,1722035756
285,33,3,1753308797
285,43,1,1728558624
285,25,3,1720435434
285,55,3,1771971570
285,60,4,1700986492
285,28,3,1784245755
285,53,2,1783589707
285,44,3,1737771170
285,30,4,1735654499
285,13,2,1774660318
285,21,1,1750237773
286,39,4,1703196063
286,17,3,1741594284
286,22,3,1701658976
286,13,3,1729047877
286,21,3,1724282556
286,59,4,1744819596
286,26,3,1727696190
286,8,4,1767054198
286,42,1,1752153213
286,19,3,1743937353
286,29,4,1761456194
286,2,5,1752446166
286,50,1,1780773970
286,60,4,1722180457
286,52,2,1765992475
286,43,2,1764448074
286,33,2,1775273310
286,54,2,1780093137
286,14,3,1738298018
286,12,2,1789526487
286,53,4,1733355581
286,3,3,1710425244
286,25,3,1782727823
286,7,5,1714396406
286,46,4,1700036337
286,57,3,1704187584
286,20,5,1783117917
286,36,1,1706714649
286,34,5,1701504836
286,41,1,1736806704
286,15,2,1700001272
286,49,2,1740727906
286,56,3,1759735024
286,28,3,1751193448
286,40,2,1776250555
286,51,2,1721406009
286,9,3,1713050348
286,37,1,1707185727
286,55,4,1749398803
287,48,3,1736247757
287,57,5,1703027810
287,24,2,1794338517
287,5,3,1775595538
287,18,2,1764387599
287,27,3,1708493813
287,42,3,1792852028
287,2,3,1720574887
287,20,3,1728920642
287,50,3,1708745327
287,3,4,1753356772
287,8,2,1791002205
287,52,1,1750657129
287,10,2,1704012857
287,17,5,1704987687
287,30,3,1766763043
287,14,2,1758047492
287,49,2,1762505408
287,41,3,1755354646
287,53,2,1723491174
287,31,3,1701780943
287,12,2,1777411508
287,1,4,1705910104
287,43,2,1788128706
287,6,3,1708457091
287,16,3,1737691414
287,45,4,1737791498
287,56,1,1764313267
288,43,1,1765569067
288,18,4,1731074206
288,56,4,1706347764
288,13,2,1738455675
288,16,2,1748859923
288,45,4,1711866994
288,29,3,1780268788
288,52,2,1749297789
288,1,3,1761237842
288,42,2,1763414545
288,3,2,1773093732
288,37,4,1721997576
288,28,2,1750099110
288,36,2,1788395975
288,55,4,1749831321
289,48,3,1748139696
289,41,4,1786632730
289,23,4,1762619975
289,27,2,1760501156
289,12,3,1772371781
289,38,4,1791313376
289,26,2,1722048771
289,24,4,1705738577
289,30,4,1746097583
289,58,3,1767961532
289,50,3,1783894510
289,19,5,1719468347
289,10,3,1780368575
289,44,3,1745855470
289,32,3,1772505898
289,47,3,1784919213
289,35,3,1721398059
289,57,3,1776999716
289,53,3,1718726231
289,28,3,1727623724
289,6,4,1793041716
289,39,1,1753197220
289,17,3,1710971412
289,9,4,1756234015
289,22,3,1715016273
290,37,3,1788166537
290,1,3,1752720687
290,17,4,1729403268
290,36,3,1777446237
290,43,4,1747128455
290,11,4,1754760624
290,48,3,1792315079
290,15,2,1714284340
290,44,2,1730308351
290,46,3,1785962340
290,22,5,1786423099
290,32,1,1760888421
290,8,2,1720897858
290,21,4,1793139430
290,24,5,1725277376
290,57,2,1700080009
290,26,1,1767714331
290,34,3,1714468787
291,20,5,1785257731
291,16,4,1782517485
291,49,3,1779636235
291,26,3,1705620351
291,60,3,1791149597
291,53,3,1765945661
291,14,2,1704230279
291,35,2,1767108172
291,41,2,1742900260
291,7,2,1747177123
291,13,3,1704166161
291,2,4,1734330502
291,58,4,1794037168
291,48,4,1763565178
291,19,4,1751506760
291,8,2,1772345677
291,54,2,1713154252
291,12,3,1756734057
291,5,4,1792421138
291,42,3,1778802545
291,17,2,1783246092
291,29,2,1747117793
291,45,5,1791918765
291,28,4,1765808087
291,23,3,1703667919
291,57,2,1750998347
291,1,2,1705190410
291,56,2,1765424216
291,22,3,1711653940
291,50,1,1763736212
291,43,1,1733843856
291,51,2,1772978870
291,10,3,1712354586
291,44,4,1711135331
291,33,3,1732935623
291,46,1,1784731492
291,59,2,1712617221
292,16,3,1736875132
292,39,4,1793567345
292,31,3,1775839721
292,3,4,1752100383
292,21,2,1771895460
292,20,2,1787738439
292,36,4,1706538400
292,50,1,1733984506
292,46,3,1778606097
292,29,3,1715793207
292,14,4,1793713040
292,40,3,1769355175
292,27,2,1765914192
292,7,2,1723342969
292,1,5,1760629628
292,44,2,1739378068
292,9,3,1721843423
292,38,3,1705344079
292,2,5,1738961615
292,33,3,1780681007
292,51,1,1744481849
292,5,2,1757274946
292,41,3,1714720271
292,12,2,1792181723
292,30,3,1720776392
293,16,3,1793807615
293,1,3,1757710061
293,25,2,1702756510
293,50,3,1770487824
293,48,2,1793121882
293,52,3,1749430818
293,42,3,1785205708
293,12,3,1772945272
293,57,3,1714271117
293,58,1,1756186841
293,3,3,1763573301
293,20,4,1704501241
293,53,3,1737433620
293,15,2,1758558003
293,22,3,1774797064
293,44,4,1794227255
293,38,3,1756674138
293,32,2,1708984340
293,47,2,1708747686
293,29,5,1711709551
293,8,3,1735269140
293,7,3,1789214834
293,11,3,1748001975
293,9,2,1763703158
293,37,1,1753865194
293,2,2,1768063630
293,41,2,1732646040
293,43,2,1718458598
293,24,2,1716241805
293,26,1,1703235892
294,43,2,1740311369
294,13,3,1717879790
294,29,5,1794150233
294,60,3,1752440176
294,35,2,1701502382
294,24,2,1749910011
294,36,3,1708052256
294,17,3,1768477351
294,31,3,1701632815
294,5,2,1715133395
294,57,2,1770405670
294,12,2,1789377087
294,38,3,1735686818
294,27,4,1778594257
294,8,3,1771205095
294,54,3,1701188832
294,3,2,1740714161
294,15,4,1718396122
294,59,3,1742886482
294,10,4,1732705658
295,43,2,1709742877
295,31,4,1775988361
295,59,4,1722110051
295,58,3,1733160881
295,14,3,1784146588
295,7,5,1755500187
295,12,4,1783969764
295,25,2,1748549573
295,36,3,1730244897
295,41,1,1735227919
295,51,2,1754544939
295,35,3,1708009176
295,5,3,1757964749
295,10,2,1705759135
295,60,2,1743015114
295,9,2,1752966186
295,33,3,1703713165
295,47,3,1725851098
295,48,3,1790148139
295,57,2,1750154780
295,44,2,1752449097
296,15,1,1765469731
296,48,3,1751820639
296,9,3,1792402421
296,31,3,1779129551
296,40,4,1793314816
296,51,2,1775187117
296,33,3,1791561158
296,27,3,1781229215
296,42,2,1780442305
296,49,2,1788719102
296,41,2,1777039380
296,11,2,1718423710
296,16,4,1762992151
296,39,4,1745241475
296,34,2,1712212161
296,19,1,1792801368
296,32,1,1765723137
296,5,2,1745957495
296,28,2,1771503033
296,47,3,1769390240
296,2,4,1782727332
296,53,1,1784740493
296,43,1,1708446908
296,36,3,1733768232
296,6,2,1784439241
296,10,3,1735998754
296,3,1,1736406719
296,24,4,1738781804
296,18,3,1779783556
296,13,3,1768923207
296,58,2,1730580466
296,60,2,1742017078
296,21,3,1743508602
296,26,3,1732133709
296,55,2,1775969237
296,35,1,1725671365
296,44,2,1746776651
296,20,4,1741117283
296,50,2,1725749206
296,25,2,1744962735
296,59,2,1769480727
296,17,3,1790744621
297,28,2,1750331463
297,43,1,1732968412
297,59,3,1752563720
297,13,3,1765007459
297,50,3,1736338173
297,40,4,1776261088
297,51,3,1761616570
297,9,3,1772129763
297,52,4,1745821856
297,56,4,1719641411
297,45,4,1734188706
297,19,2,1781333763
297,57,3,1709670420
297,44,2,1733894767
297,47,2,1716700614
297,24,2,1750541298
297,35,4,1773911477
297,36,3,1752758434
297,21,4,1700438499
297,14,3,1708931707
297,30,4,1725357498
297,38,2,1734200134
297,34,3,1766445238
297,12,2,1761036929
297,8,3,1773906211
297,49,2,1778327265
297,16,2,1737190613
297,41,5,1768601151
297,22,1,1776162338
297,6,3,1756437641
297,29,3,1726734831
297,42,2,1735661812
297,26,2,1706844169
297,39,2,1757405901
298,28,4,1732303559
298,25,2,1730935620
298,21,4,1729586634
298,8,4,1782988418
298,9,2,1781022047
298,12,1,1776586930
298,57,3,1735800669
298,24,4,1774170836
298,49,3,1747452870
298,4,2,1731724015
298,3,2,1720361218
298,5,3,1703080842
298,18,4,1774317731
298,7,3,1778399260
298,36,3,1742509142
298,35,2,1729510761
298,48,2,1723064287
298,56,2,1751441896
298,47,4,1727265151
298,60,2,1772707256
298,14,2,1782717934
298,50,3,1702340833
298,37,2,1721527957
298,51,2,1712237670
298,1,4,1776670571
298,54,3,1782427437
298,22,2,1736202434
298,44,5,1765264320
298,19,4,1716718600
298,40,4,1712842443
299,16,3,1759610531
299,30,3,1759395043
299,40,2,1720184404
299,11,2,1751603430
299,12,3,1782551005
299,15,3,1751024565
299,18,3,1703090576
299,7,3,1772647307
299,1,2,1736470084
299,60,2,1727531916
299,43,2,1790370294
299,20,2,1765970674
299,28,3,1758606209
299,38,2,1770321416
299,39,3,1745941216
299,25,4,1743228848
299,29,2,1702780428
299,14,3,1766978961
299,55,2,1768123460
299,53,3,1782629511
299,6,2,1752063146
299,27,3,1759349666
300,5,1,1712007239
300,39,2,1758701780
300,54,3,1734215552
300,45,3,1746738646
300,44,5,1730676379
300,25,2,1736120895
300,11,3,1749203514
300,51,2,1734877696
300,26,5,1764227310
300,14,3,1721219581
300,53,3,1722621278
300,21,3,1729412039
300,23,2,1778583752
300,52,3,1786571635
300,18,2,1769413354
300,16,2,1780410541
300,19,5,1771261098
300,15,2,1726268050
300,55,4,1704871204
300,59,4,1751196558
300,31,4,1748932004
300,2,2,1706439568
300,37,3,1730679513
300,57,3,1712075904
300,60,3,1721307557
300,29,5,1712398601
300,41,3,1782604294
300,42,4,1793323303
300,48,2,1774198784
300,12,2,1706719620
300,13,4,1733606927
300,1,3,1710637474
300,38,5,1770498380
300,50,2,1734245026
300,24,3,1760814164
300,43,3,1720002379
300,27,3,1739346304
